ID,Date,Balance2,Value
AGUAS-A,2017-03-31,Cash,-60193.925
AGUAS-A,2017-03-31,Debt,-859665.506
AGUAS-A,2017-06-30,Cash,-4908.739
AGUAS-A,2017-06-30,Debt,-871671.329
AGUAS-A,2017-09-30,Cash,-13358.091
AGUAS-A,2017-09-30,Debt,-869730.3790000001
AGUAS-A,2017-12-31,Cash,-18808.34
AGUAS-A,2017-12-31,Debt,-866023.519
AGUAS-A,2018-03-31,Cash,-32013.163
AGUAS-A,2018-03-31,Debt,-897554.0819999999
AGUAS-A,2018-06-30,Cash,-38567.275
AGUAS-A,2018-06-30,Debt,-963866.355
AGUAS-A,2018-09-30,Cash,-41850.362
AGUAS-A,2018-09-30,Debt,-972618.764
AGUAS-A,2018-12-31,Cash,-42304.712
AGUAS-A,2018-12-31,Debt,-946476.495
AGUAS-A,2019-03-31,Cash,-36936.226
AGUAS-A,2019-03-31,Debt,-976671.0569999999
AGUAS-A,2019-06-30,Cash,-18537.071
AGUAS-A,2019-06-30,Debt,-1033772.152
AGUAS-A,2019-09-30,Cash,-34161.317
AGUAS-A,2019-09-30,Debt,-1028938.088
AGUAS-A,2019-12-31,Cash,-72062.758
AGUAS-A,2019-12-31,Debt,-1042779.824
AGUAS-A,2020-03-31,Cash,-135353.93
AGUAS-A,2020-03-31,Debt,-1140558.559
AGUAS-A,2020-06-30,Cash,-167649.05800000002
AGUAS-A,2020-06-30,Debt,-1152076.662
AGUAS-A,2020-09-30,Cash,-186952.767
AGUAS-A,2020-09-30,Debt,-1064600.893
AGUAS-A,2020-12-31,Cash,-174945.586
AGUAS-A,2020-12-31,Debt,-1069794.256
AGUAS-A,2021-03-31,Cash,-186567.807
AGUAS-A,2021-03-31,Debt,-1079749.0350000001
AGUAS-A,2021-06-30,Cash,-136376.256
AGUAS-A,2021-06-30,Debt,-1082065.862
AGUAS-A,2021-09-30,Cash,-190104.458
AGUAS-A,2021-09-30,Debt,-1109354.828
AGUAS-A,2021-12-31,Cash,-163513.314
AGUAS-A,2021-12-31,Debt,-1153099.411
AGUAS-A,2022-03-31,Cash,-135653.505
AGUAS-A,2022-03-31,Debt,-1163367.8059999999
AGUAS-A,2022-06-30,Cash,-146863.788
AGUAS-A,2022-06-30,Debt,-1187277.425
AGUAS-A,2022-09-30,Cash,-169567.45
AGUAS-A,2022-09-30,Debt,-1237559.2179999999
AGUAS-A,2022-12-31,Cash,-179335.341
AGUAS-A,2022-12-31,Debt,-1297253.126
AGUAS-A,2023-03-31,Cash,-199617.488
AGUAS-A,2023-03-31,Debt,-1293611.449
AGUAS-A,2023-06-30,Cash,-165166.19
AGUAS-A,2023-06-30,Debt,-1293778.563
AGUAS-A,2023-09-30,Cash,-152701.795
AGUAS-A,2023-09-30,Debt,-1273585.203
AGUAS-A,2023-12-31,Cash,-109156.681
AGUAS-A,2023-12-31,Debt,-1280477.698
AGUAS-A,2024-03-31,Cash,-100188.694
AGUAS-A,2024-03-31,Debt,-1278349.317
AGUAS-A,2024-06-30,Cash,-107760.188
AGUAS-A,2024-06-30,Debt,-1344046.5890000002
AGUAS-A,2024-09-30,Cash,-81768.247
AGUAS-A,2024-09-30,Debt,-1319555.47
AGUAS-A,2024-12-31,Cash,-108758.431
AGUAS-A,2024-12-31,Debt,-1322217.0380000002
AGUAS-A,2025-03-31,Cash,-189068.566
AGUAS-A,2025-03-31,Debt,-1432070.651
AGUAS-A,2025-06-30,Cash,-186237.788
AGUAS-A,2025-06-30,Debt,-1429838.007
ALMENDRAL,2017-03-31,Cash,106570.194
ALMENDRAL,2017-03-31,Debt,1667815.5219999999
ALMENDRAL,2017-06-30,Cash,134180.113
ALMENDRAL,2017-06-30,Debt,1762379.625
ALMENDRAL,2017-09-30,Cash,162533.88999999998
ALMENDRAL,2017-09-30,Debt,1723444.313
ALMENDRAL,2017-12-31,Cash,167346.637
ALMENDRAL,2017-12-31,Debt,1696985.5080000001
ALMENDRAL,2018-03-31,Cash,70539.594
ALMENDRAL,2018-03-31,Debt,1719745.1139999998
ALMENDRAL,2018-06-30,Cash,59904.949
ALMENDRAL,2018-06-30,Debt,1764546.943
ALMENDRAL,2018-09-30,Cash,37157.996
ALMENDRAL,2018-09-30,Debt,1793028.331
ALMENDRAL,2018-12-31,Cash,106843.59
ALMENDRAL,2018-12-31,Debt,1885184.467
ALMENDRAL,2019-03-31,Cash,63974.062
ALMENDRAL,2019-03-31,Debt,1860034.737
ALMENDRAL,2019-06-30,Cash,52148.483
ALMENDRAL,2019-06-30,Debt,1903139.199
ALMENDRAL,2019-09-30,Cash,66563.457
ALMENDRAL,2019-09-30,Debt,1977296.6430000002
ALMENDRAL,2019-12-31,Cash,624834.4
ALMENDRAL,2019-12-31,Debt,2067629.891
ALMENDRAL,2020-03-31,Cash,505781.626
ALMENDRAL,2020-03-31,Debt,2208375.498
ALMENDRAL,2020-06-30,Cash,432389.124
ALMENDRAL,2020-06-30,Debt,2146597.974
ALMENDRAL,2020-09-30,Cash,566443.772
ALMENDRAL,2020-09-30,Debt,2086985.0999999999
ALMENDRAL,2020-12-31,Cash,610027.711
ALMENDRAL,2020-12-31,Debt,1955607.956
ALMENDRAL,2021-03-31,Cash,484825.196
ALMENDRAL,2021-03-31,Debt,1978080.133
ALMENDRAL,2021-06-30,Cash,545696.584
ALMENDRAL,2021-06-30,Debt,1975542.524
ALMENDRAL,2021-09-30,Cash,553322.208
ALMENDRAL,2021-09-30,Debt,2103011.919
ALMENDRAL,2021-12-31,Cash,439712.81500000006
ALMENDRAL,2021-12-31,Debt,2175847.21
ALMENDRAL,2022-03-31,Cash,379742.345
ALMENDRAL,2022-03-31,Debt,2179639.653
ALMENDRAL,2022-06-30,Cash,698058.728
ALMENDRAL,2022-06-30,Debt,2552503.113
ALMENDRAL,2022-09-30,Cash,543175.329
ALMENDRAL,2022-09-30,Debt,2647480.7399999998
ALMENDRAL,2022-12-31,Cash,385293.127
ALMENDRAL,2022-12-31,Debt,2264466.492
ALMENDRAL,2023-03-31,Cash,282812.55700000003
ALMENDRAL,2023-03-31,Debt,2162010.827
ALMENDRAL,2023-06-30,Cash,219196.298
ALMENDRAL,2023-06-30,Debt,2186337.9
ALMENDRAL,2023-09-30,Cash,388762.679
ALMENDRAL,2023-09-30,Debt,2322764.34
ALMENDRAL,2023-12-31,Cash,704242.1739999999
ALMENDRAL,2023-12-31,Debt,2139579.229
ALMENDRAL,2024-03-31,Cash,659308.889
ALMENDRAL,2024-03-31,Debt,2270747.365
ALMENDRAL,2024-06-30,Cash,482855.02
ALMENDRAL,2024-06-30,Debt,2165499.77
ALMENDRAL,2024-09-30,Cash,504577.26399999997
ALMENDRAL,2024-09-30,Debt,2101153.12
ALMENDRAL,2024-12-31,Cash,392424.146
ALMENDRAL,2024-12-31,Debt,2028959.3760000002
ALMENDRAL,2025-03-31,Cash,356033.047
ALMENDRAL,2025-03-31,Debt,2003207.794
ALMENDRAL,2025-06-30,Cash,348322.48
ALMENDRAL,2025-06-30,Debt,2034343.298
ANTARCHILE,2017-03-31,Cash,987690.0913799999
ANTARCHILE,2017-03-31,Debt,4544697.8849
ANTARCHILE,2017-06-30,Cash,923406.51609
ANTARCHILE,2017-06-30,Debt,4445667.73818
ANTARCHILE,2017-09-30,Cash,883255.5440500001
ANTARCHILE,2017-09-30,Debt,4207376.272700001
ANTARCHILE,2017-12-31,Cash,1012212.8529200001
ANTARCHILE,2017-12-31,Debt,4179844.6693
ANTARCHILE,2018-03-31,Cash,1062597.4823
ANTARCHILE,2018-03-31,Debt,4634565.39848
ANTARCHILE,2018-06-30,Cash,1131091.97365
ANTARCHILE,2018-06-30,Debt,4866409.6844500005
ANTARCHILE,2018-09-30,Cash,1289379.924
ANTARCHILE,2018-09-30,Debt,4959863.496
ANTARCHILE,2018-12-31,Cash,1449649.6030200003
ANTARCHILE,2018-12-31,Debt,5317535.733980001
ANTARCHILE,2019-03-31,Cash,1202649.65148
ANTARCHILE,2019-03-31,Debt,5603591.01183
ANTARCHILE,2019-06-30,Cash,1484440.99686
ANTARCHILE,2019-06-30,Debt,6321884.20758
ANTARCHILE,2019-09-30,Cash,1372882.0620799998
ANTARCHILE,2019-09-30,Debt,6490842.582959998
ANTARCHILE,2019-12-31,Cash,1770547.01132
ANTARCHILE,2019-12-31,Debt,7031029.6728
ANTARCHILE,2020-03-31,Cash,1654555.4298
ANTARCHILE,2020-03-31,Debt,7519345.0331999995
ANTARCHILE,2020-06-30,Cash,1835201.7708
ANTARCHILE,2020-06-30,Debt,7530907.93824
ANTARCHILE,2020-09-30,Cash,1830569.57286
ANTARCHILE,2020-09-30,Debt,7198584.6386400005
ANTARCHILE,2020-12-31,Cash,1692619.6206
ANTARCHILE,2020-12-31,Debt,6565125.7134
ANTARCHILE,2021-03-31,Cash,1516566.59711
ANTARCHILE,2021-03-31,Debt,6483338.47379
ANTARCHILE,2021-06-30,Cash,1632851.0016
ANTARCHILE,2021-06-30,Debt,6534931.87984
ANTARCHILE,2021-09-30,Cash,2117284.4673800003
ANTARCHILE,2021-09-30,Debt,7098749.32405
ANTARCHILE,2021-12-31,Cash,1631133.204
ANTARCHILE,2021-12-31,Debt,7286615.292
ANTARCHILE,2022-03-31,Cash,1601343.2028
ANTARCHILE,2022-03-31,Debt,6731957.6236
ANTARCHILE,2022-06-30,Cash,1787680.18418
ANTARCHILE,2022-06-30,Debt,7972668.853190001
ANTARCHILE,2022-09-30,Cash,1747006.17
ANTARCHILE,2022-09-30,Debt,8389901.268
ANTARCHILE,2022-12-31,Cash,1684750.4767900002
ANTARCHILE,2022-12-31,Debt,8071006.90142
ANTARCHILE,2023-03-31,Cash,1606832.93176
ANTARCHILE,2023-03-31,Debt,7925884.162559999
ANTARCHILE,2023-06-30,Cash,1305616.8129599998
ANTARCHILE,2023-06-30,Debt,8206018.376999999
ANTARCHILE,2023-09-30,Cash,1508122.07568
ANTARCHILE,2023-09-30,Debt,9091124.50356
ANTARCHILE,2023-12-31,Cash,1763147.0962
ANTARCHILE,2023-12-31,Debt,8679765.1521
ANTARCHILE,2024-03-31,Cash,2099682.03396
ANTARCHILE,2024-03-31,Debt,9354766.59852
ANTARCHILE,2024-06-30,Cash,1847875.60692
ANTARCHILE,2024-06-30,Debt,9189928.79868
ANTARCHILE,2024-09-30,Cash,1962396.735
ANTARCHILE,2024-09-30,Debt,7763618.64
ANTARCHILE,2024-12-31,Cash,2347035.46524
ANTARCHILE,2024-12-31,Debt,9057993.096439999
ANTARCHILE,2025-03-31,Cash,2212713.1353
ANTARCHILE,2025-03-31,Debt,8860656.9755
ANTARCHILE,2025-06-30,Cash,2615431.66534
ANTARCHILE,2025-06-30,Debt,9344203.258779999
CAP,2017-03-31,Cash,-556098.97072
CAP,2017-03-31,Debt,-859073.0866599999
CAP,2017-06-30,Cash,-475681.40361000004
CAP,2017-06-30,Debt,-767512.3734900001
CAP,2017-09-30,Cash,-449460.07175
CAP,2017-09-30,Debt,-723752.6404500001
CAP,2017-12-31,Cash,-430765.97004000004
CAP,2017-12-31,Debt,-663162.8641600001
CAP,2018-03-31,Cash,-421329.35438000003
CAP,2018-03-31,Debt,-638418.56384
CAP,2018-06-30,Cash,-316498.95290000003
CAP,2018-06-30,Debt,-546328.1138
CAP,2018-09-30,Cash,-298048.086
CAP,2018-09-30,Debt,-550055.1105
CAP,2018-12-31,Cash,-330369.2672
CAP,2018-12-31,Debt,-575693.21466
CAP,2019-03-31,Cash,-273138.88488
CAP,2019-03-31,Debt,-590675.98359
CAP,2019-06-30,Cash,-255690.58698000002
CAP,2019-06-30,Debt,-655720.21098
CAP,2019-09-30,Cash,-238441.75736
CAP,2019-09-30,Debt,-698242.0392
CAP,2019-12-31,Cash,-252726.26186
CAP,2019-12-31,Debt,-749596.2954599999
CAP,2020-03-31,Cash,-408604.64189999993
CAP,2020-03-31,Debt,-988497.8648999999
CAP,2020-06-30,Cash,-500714.406
CAP,2020-06-30,Debt,-1067322.94212
CAP,2020-09-30,Cash,-520940.2745
CAP,2020-09-30,Debt,-882559.07638
CAP,2020-12-31,Cash,-395824.97471999994
CAP,2020-12-31,Debt,-516276.31368
CAP,2021-03-31,Cash,-448481.06857
CAP,2021-03-31,Debt,-467540.82031
CAP,2021-06-30,Cash,-499486.7332
CAP,2021-06-30,Debt,-566096.48368
CAP,2021-09-30,Cash,-728723.53765
CAP,2021-09-30,Debt,-517729.73289
CAP,2021-12-31,Cash,-801447.3505
CAP,2021-12-31,Debt,-598149.1745
CAP,2022-03-31,Cash,-640963.9218400001
CAP,2022-03-31,Debt,-543186.05528
CAP,2022-06-30,Cash,-327605.91685
CAP,2022-06-30,Debt,-672357.3145900001
CAP,2022-09-30,Cash,-311161.158
CAP,2022-09-30,Debt,-852875.604
CAP,2022-12-31,Cash,-301412.10729
CAP,2022-12-31,Debt,-870918.27623
CAP,2023-03-31,Cash,-265870.6022
CAP,2023-03-31,Debt,-869597.0012800001
CAP,2023-06-30,Cash,-274340.77307999996
CAP,2023-06-30,Debt,-982274.0312399999
CAP,2023-09-30,Cash,-267509.63844
CAP,2023-09-30,Debt,-1233652.44024
CAP,2023-12-31,Cash,-512435.02569000004
CAP,2023-12-31,Debt,-1448718.6961100001
CAP,2024-03-31,Cash,-520947.27258
CAP,2024-03-31,Debt,-1590400.52388
CAP,2024-06-30,Cash,-545947.2963
CAP,2024-06-30,Debt,-1584861.51572
CAP,2024-09-30,Cash,-445738.28625
CAP,2024-09-30,Debt,-1535575.5975000001
CAP,2024-12-31,Cash,-451853.11704000004
CAP,2024-12-31,Debt,-1696830.7729600002
CAP,2025-03-31,Cash,-433933.4955
CAP,2025-03-31,Debt,-1747153.4090000002
CAP,2025-06-30,Cash,-389284.68332
CAP,2025-06-30,Debt,-1747826.6376999998
COLBUN,2017-03-31,Cash,-440133.47072
COLBUN,2017-03-31,Debt,-1128804.20104
COLBUN,2017-06-30,Cash,-451626.77691
COLBUN,2017-06-30,Debt,-1129174.7139
COLBUN,2017-09-30,Cash,-494387.92870000005
COLBUN,2017-09-30,Debt,-1079800.19105
COLBUN,2017-12-31,Cash,-499044.9313
COLBUN,2017-12-31,Debt,-1020928.0594400001
COLBUN,2018-03-31,Cash,-534382.8434799999
COLBUN,2018-03-31,Debt,-1009844.23122
COLBUN,2018-06-30,Cash,-452992.8601500001
COLBUN,2018-06-30,Debt,-1059312.07265
COLBUN,2018-09-30,Cash,-519402.5235
COLBUN,2018-09-30,Debt,-1080323.433
COLBUN,2018-12-31,Cash,-548511.21498
COLBUN,2018-12-31,Debt,-1115374.0364700002
COLBUN,2019-03-31,Cash,-557184.0639300001
COLBUN,2019-03-31,Debt,-1097921.1665400001
COLBUN,2019-06-30,Cash,-455692.48163999995
COLBUN,2019-06-30,Debt,-1172661.2800200002
COLBUN,2019-09-30,Cash,-568419.33856
COLBUN,2019-09-30,Debt,-1234412.8842399998
COLBUN,2019-12-31,Cash,-595450.2753999999
COLBUN,2019-12-31,Debt,-1251333.9100000001
COLBUN,2020-03-31,Cash,-829873.317
COLBUN,2020-03-31,Debt,-1420069.3961999998
COLBUN,2020-06-30,Cash,-698124.94848
COLBUN,2020-06-30,Debt,-1363744.89084
COLBUN,2020-09-30,Cash,-758575.9578399999
COLBUN,2020-09-30,Debt,-1306148.6493400002
COLBUN,2020-12-31,Cash,-689022.2848799999
COLBUN,2020-12-31,Debt,-1182346.8837599999
COLBUN,2021-03-31,Cash,-740099.5164300001
COLBUN,2021-03-31,Debt,-1210258.3621
COLBUN,2021-06-30,Cash,-557278.27064
COLBUN,2021-06-30,Debt,-1202049.7143199998
COLBUN,2021-09-30,Cash,-1439209.6002500001
COLBUN,2021-09-30,Debt,-1313156.06208
COLBUN,2021-12-31,Cash,-1125799.87025
COLBUN,2021-12-31,Debt,-1890426.29425
COLBUN,2022-03-31,Cash,-884271.14204
COLBUN,2022-03-31,Debt,-1584076.8482
COLBUN,2022-06-30,Cash,-829826.73955
COLBUN,2022-06-30,Debt,-1889029.5992
COLBUN,2022-09-30,Cash,-1045132.788
COLBUN,2022-09-30,Debt,-1974591.906
COLBUN,2022-12-31,Cash,-976265.8384
COLBUN,2022-12-31,Debt,-1737215.8266999999
COLBUN,2023-03-31,Cash,-825373.7696400001
COLBUN,2023-03-31,Debt,-1571263.8046000001
COLBUN,2023-06-30,Cash,-762332.48712
COLBUN,2023-06-30,Debt,-1603936.04568
COLBUN,2023-09-30,Cash,-1063818.5382
COLBUN,2023-09-30,Debt,-1798213.8438
COLBUN,2023-12-31,Cash,-913354.21303
COLBUN,2023-12-31,Debt,-1754810.72004
COLBUN,2024-03-31,Cash,-973064.0904600001
COLBUN,2024-03-31,Debt,-1936309.29282
COLBUN,2024-06-30,Cash,-861892.3076399999
COLBUN,2024-06-30,Debt,-1881290.64564
COLBUN,2024-09-30,Cash,-850412.1900000001
COLBUN,2024-09-30,Debt,-1757253.17625
COLBUN,2024-12-31,Cash,-769091.4240000001
COLBUN,2024-12-31,Debt,-2145508.11388
COLBUN,2025-03-31,Cash,-729902.9046
COLBUN,2025-03-31,Debt,-2033618.2975
COLBUN,2025-06-30,Cash,-741381.18756
COLBUN,2025-06-30,Debt,-2019708.70192
COLBUN,2025-09-30,Cash,-912529.163
COLBUN,2025-09-30,Debt,-2330223.5893999995
COPEC,2017-03-31,Cash,-923247.7316999999
COPEC,2017-03-31,Debt,-4400214.149139999
COPEC,2017-06-30,Cash,-887219.7888600001
COPEC,2017-06-30,Debt,-4300671.4623
COPEC,2017-09-30,Cash,-874129.48355
COPEC,2017-09-30,Debt,-4081237.3037500004
COPEC,2017-12-31,Cash,-940584.63398
COPEC,2017-12-31,Debt,-4057602.91618
COPEC,2018-03-31,Cash,-993435.02736
COPEC,2018-03-31,Debt,-4514697.28704
COPEC,2018-06-30,Cash,-1098516.2874
COPEC,2018-06-30,Debt,-4737683.4018
COPEC,2018-09-30,Cash,-1272368.79
COPEC,2018-09-30,Debt,-4841815.5135
COPEC,2018-12-31,Cash,-1345218.1857400003
COPEC,2018-12-31,Debt,-5193372.4612300005
COPEC,2019-03-31,Cash,-1101893.96451
COPEC,2019-03-31,Debt,-5482091.36673
COPEC,2019-06-30,Cash,-1459934.7633
COPEC,2019-06-30,Debt,-6207236.01648
COPEC,2019-09-30,Cash,-1350200.9336799998
COPEC,2019-09-30,Debt,-6369438.495999999
COPEC,2019-12-31,Cash,-1742265.5991
COPEC,2019-12-31,Debt,-6904639.36324
COPEC,2020-03-31,Cash,-1624829.9886
COPEC,2020-03-31,Debt,-7375630.5987
COPEC,2020-06-30,Cash,-1797901.4660399999
COPEC,2020-06-30,Debt,-7391380.585200001
COPEC,2020-09-30,Cash,-1805089.5276
COPEC,2020-09-30,Debt,-7073469.54432
COPEC,2020-12-31,Cash,-1664480.1212400002
COPEC,2020-12-31,Debt,-6450761.166359999
COPEC,2021-03-31,Cash,-1490362.18388
COPEC,2021-03-31,Debt,-6366773.38381
COPEC,2021-06-30,Cash,-1593776.75184
COPEC,2021-06-30,Debt,-6415592.25944
COPEC,2021-09-30,Cash,-2078427.67652
COPEC,2021-09-30,Debt,-6966799.04246
COPEC,2021-12-31,Cash,-1575723.26175
COPEC,2021-12-31,Debt,-7145826.64575
COPEC,2022-03-31,Cash,-1553596.43868
COPEC,2022-03-31,Debt,-6603830.0160799995
COPEC,2022-06-30,Cash,-1748741.53396
COPEC,2022-06-30,Debt,-7835908.8729
COPEC,2022-09-30,Cash,-1711723.02
COPEC,2022-09-30,Debt,-8244888.246
COPEC,2022-12-31,Cash,-1489527.3919599997
COPEC,2022-12-31,Debt,-7946334.11641
COPEC,2023-03-31,Cash,-1429450.6268000002
COPEC,2023-03-31,Debt,-7810387.702880001
COPEC,2023-06-30,Cash,-1302582.68256
COPEC,2023-06-30,Debt,-8090117.8064399995
COPEC,2023-09-30,Cash,-1503180.7045200001
COPEC,2023-09-30,Debt,-8956532.217600001
COPEC,2023-12-31,Cash,-1718683.1798500002
COPEC,2023-12-31,Debt,-8546284.94405
COPEC,2024-03-31,Cash,-2052570.0362999998
COPEC,2024-03-31,Debt,-9205245.415380001
COPEC,2024-06-30,Cash,-1843489.50268
COPEC,2024-06-30,Debt,-9046354.2603
COPEC,2024-09-30,Cash,-1960948.395
COPEC,2024-09-30,Debt,-7627035.5175
COPEC,2024-12-31,Cash,-2328148.4768
COPEC,2024-12-31,Debt,-8892059.0422
COPEC,2025-03-31,Cash,-2197393.8841
COPEC,2025-03-31,Debt,-8701198.4432
COPEC,2025-06-30,Cash,-2599167.5683999998
COPEC,2025-06-30,Debt,-9187235.681
COPEC,2025-09-30,Cash,-2585387.63112
COPEC,2025-09-30,Debt,-9817352.709080001
ENTEL,2017-03-31,Cash,-83408.527
ENTEL,2017-03-31,Debt,-1597381.079
ENTEL,2017-06-30,Cash,-112507.907
ENTEL,2017-06-30,Debt,-1692915.2280000001
ENTEL,2017-09-30,Cash,-140881.08299999998
ENTEL,2017-09-30,Debt,-1652935.4009999998
ENTEL,2017-12-31,Cash,-147765.137
ENTEL,2017-12-31,Debt,-1627454.026
ENTEL,2018-03-31,Cash,-51151.356
ENTEL,2018-03-31,Debt,-1649181.2880000002
ENTEL,2018-06-30,Cash,-41509.474
ENTEL,2018-06-30,Debt,-1694951.497
ENTEL,2018-09-30,Cash,-18829.59
ENTEL,2018-09-30,Debt,-1722386.3590000002
ENTEL,2018-12-31,Cash,-89910.08
ENTEL,2018-12-31,Debt,-1815513.552
ENTEL,2019-03-31,Cash,-46009.068
ENTEL,2019-03-31,Debt,-1789333.516
ENTEL,2019-06-30,Cash,-35196.467000000004
ENTEL,2019-06-30,Debt,-1833404.0760000001
ENTEL,2019-09-30,Cash,-49713.081000000006
ENTEL,2019-09-30,Debt,-1906512.926
ENTEL,2019-12-31,Cash,-610122.061
ENTEL,2019-12-31,Debt,-1997815.839
ENTEL,2020-03-31,Cash,-491294.801
ENTEL,2020-03-31,Debt,-2137523.2449999996
ENTEL,2020-06-30,Cash,-418433.06100000005
ENTEL,2020-06-30,Debt,-2076743.821
ENTEL,2020-09-30,Cash,-552646.664
ENTEL,2020-09-30,Debt,-2016203.634
ENTEL,2020-12-31,Cash,-591771.325
ENTEL,2020-12-31,Debt,-1879187.5990000002
ENTEL,2021-03-31,Cash,-473367.912
ENTEL,2021-03-31,Debt,-1907236.288
ENTEL,2021-06-30,Cash,-533453.4369999999
ENTEL,2021-06-30,Debt,-1914583.388
ENTEL,2021-09-30,Cash,-541232.3030000001
ENTEL,2021-09-30,Debt,-2041291.781
ENTEL,2021-12-31,Cash,-435434.923
ENTEL,2021-12-31,Debt,-2132367.874
ENTEL,2022-03-31,Cash,-375423.74799999996
ENTEL,2022-03-31,Debt,-2135670.5100000002
ENTEL,2022-06-30,Cash,-515977.69499999995
ENTEL,2022-06-30,Debt,-2509000.279
ENTEL,2022-09-30,Cash,-509947.647
ENTEL,2022-09-30,Debt,-2603479.5140000004
ENTEL,2022-12-31,Cash,-353689.798
ENTEL,2022-12-31,Debt,-2220937.683
ENTEL,2023-03-31,Cash,-250851.023
ENTEL,2023-03-31,Debt,-2118007.975
ENTEL,2023-06-30,Cash,-215758.16700000002
ENTEL,2023-06-30,Debt,-2160313.398
ENTEL,2023-09-30,Cash,-385640.247
ENTEL,2023-09-30,Debt,-2296501.894
ENTEL,2023-12-31,Cash,-701749.72
ENTEL,2023-12-31,Debt,-2113578.359
ENTEL,2024-03-31,Cash,-657027.2069999999
ENTEL,2024-03-31,Debt,-2244511.483
ENTEL,2024-06-30,Cash,-480577.646
ENTEL,2024-06-30,Debt,-2154501.221
ENTEL,2024-09-30,Cash,-502542.245
ENTEL,2024-09-30,Debt,-2090051.675
ENTEL,2024-12-31,Cash,-382568.843
ENTEL,2024-12-31,Debt,-2017952.9030000002
ENTEL,2025-03-31,Cash,-346452.39
ENTEL,2025-03-31,Debt,-1992100.8569999998
ENTEL,2025-06-30,Cash,-344749.071
ENTEL,2025-06-30,Debt,-2032341.182
ENTEL,2025-09-30,Cash,-317396.688
ENTEL,2025-09-30,Debt,-1692335.5150000001
IAM,2017-03-31,Cash,61153.002
IAM,2017-03-31,Debt,859665.506
IAM,2017-06-30,Cash,6501.671
IAM,2017-06-30,Debt,871671.329
IAM,2017-09-30,Cash,14610.325
IAM,2017-09-30,Debt,869730.3790000001
IAM,2017-12-31,Cash,19803.208
IAM,2017-12-31,Debt,866023.519
IAM,2018-03-31,Cash,32744.430999999997
IAM,2018-03-31,Debt,897554.0819999999
IAM,2018-06-30,Cash,40248.457
IAM,2018-06-30,Debt,963866.355
IAM,2018-09-30,Cash,43272.121999999996
IAM,2018-09-30,Debt,972618.764
IAM,2018-12-31,Cash,41087.276
IAM,2018-12-31,Debt,946476.495
IAM,2019-03-31,Cash,37781.9
IAM,2019-03-31,Debt,976695.9739999999
IAM,2019-06-30,Cash,20142.984
IAM,2019-06-30,Debt,1033795.406
IAM,2019-09-30,Cash,35489.035
IAM,2019-09-30,Debt,1028959.667
IAM,2019-12-31,Cash,73057.118
IAM,2019-12-31,Debt,1042798.719
IAM,2020-03-31,Cash,135929.701
IAM,2020-03-31,Debt,1140558.559
IAM,2020-06-30,Cash,169265.579
IAM,2020-06-30,Debt,1153579.811
IAM,2020-09-30,Cash,188247.278
IAM,2020-09-30,Debt,1066112.82
IAM,2020-12-31,Cash,177964.853
IAM,2020-12-31,Debt,1069794.256
IAM,2021-03-31,Cash,188039.90099999998
IAM,2021-03-31,Debt,1079749.0350000001
IAM,2021-06-30,Cash,137927.958
IAM,2021-06-30,Debt,1082065.862
IAM,2021-09-30,Cash,191407.217
IAM,2021-09-30,Debt,1109354.828
IAM,2021-12-31,Cash,164558.88
IAM,2021-12-31,Debt,1153099.411
IAM,2022-03-31,Cash,148271.337
IAM,2022-03-31,Debt,1163367.8059999999
IAM,2022-06-30,Cash,148442.598
IAM,2022-06-30,Debt,1187277.425
IAM,2022-09-30,Cash,170729.549
IAM,2022-09-30,Debt,1237559.2179999999
IAM,2022-12-31,Cash,180545.868
IAM,2022-12-31,Debt,1297253.126
IAM,2023-03-31,Cash,200117.634
IAM,2023-03-31,Debt,1293611.449
IAM,2023-06-30,Cash,167186.1
IAM,2023-06-30,Debt,1293778.563
IAM,2023-09-30,Cash,154348.526
IAM,2023-09-30,Debt,1273585.203
IAM,2023-12-31,Cash,110795.41
IAM,2023-12-31,Debt,1280477.698
IAM,2024-03-31,Cash,101132.758
IAM,2024-03-31,Debt,1278349.317
IAM,2024-06-30,Cash,109769.506
IAM,2024-06-30,Debt,1344046.5890000002
IAM,2024-09-30,Cash,83390.708
IAM,2024-09-30,Debt,1319555.47
IAM,2024-12-31,Cash,109990.875
IAM,2024-12-31,Debt,1322217.0380000002
IAM,2025-03-31,Cash,189843.83299999998
IAM,2025-03-31,Debt,1432070.651
IAM,2025-06-30,Cash,187884.085
IAM,2025-06-30,Debt,1429838.007
INVERCAP,2017-03-31,Cash,4857.2978
INVERCAP,2017-03-31,Debt,40799.313539999996
INVERCAP,2017-06-30,Cash,2863.0775700000004
INVERCAP,2017-06-30,Debt,34611.60348
INVERCAP,2017-09-30,Cash,2267.186
INVERCAP,2017-09-30,Debt,33939.010200000004
INVERCAP,2017-12-31,Cash,4063.5281
INVERCAP,2017-12-31,Debt,33173.89284
INVERCAP,2018-03-31,Cash,3528.6657999999998
INVERCAP,2018-03-31,Debt,32734.27658
INVERCAP,2018-06-30,Cash,3401.7375
INVERCAP,2018-06-30,Debt,29621.03425
INVERCAP,2018-09-30,Cash,3020.409
INVERCAP,2018-09-30,Debt,29811.8205
INVERCAP,2018-12-31,Cash,3969.6071400000005
INVERCAP,2018-12-31,Debt,28078.0484
INVERCAP,2019-03-31,Cash,2417.8695
INVERCAP,2019-03-31,Debt,27595.04244
INVERCAP,2019-06-30,Cash,5710.823999999999
INVERCAP,2019-06-30,Debt,31695.0732
INVERCAP,2019-09-30,Cash,4112.42856
INVERCAP,2019-09-30,Debt,33216.55064
INVERCAP,2019-12-31,Cash,2992.6277800000003
INVERCAP,2019-12-31,Debt,33735.0091
INVERCAP,2020-03-31,Cash,17177.3511
INVERCAP,2020-03-31,Debt,63464.037000000004
INVERCAP,2020-06-30,Cash,2862.97452
INVERCAP,2020-06-30,Debt,62396.84388
INVERCAP,2020-09-30,Cash,1880.35062
INVERCAP,2020-09-30,Debt,59647.98502000001
INVERCAP,2020-12-31,Cash,5812.253280000001
INVERCAP,2020-12-31,Debt,54592.64868
INVERCAP,2021-03-31,Cash,3499.4858
INVERCAP,2021-03-31,Debt,136108.03431999998
INVERCAP,2021-06-30,Cash,13479.88824
INVERCAP,2021-06-30,Debt,86040.25975999999
INVERCAP,2021-09-30,Cash,21545.05149
INVERCAP,2021-09-30,Debt,95206.93243000002
INVERCAP,2021-12-31,Cash,807235.8525
INVERCAP,2021-12-31,Debt,699987.0179999999
INVERCAP,2022-03-31,Cash,646189.87708
INVERCAP,2022-03-31,Debt,638195.48012
INVERCAP,2022-06-30,Cash,332615.15349999996
INVERCAP,2022-06-30,Debt,741392.78336
INVERCAP,2022-09-30,Cash,316583.316
INVERCAP,2022-09-30,Debt,925953.504
INVERCAP,2022-12-31,Cash,302241.53444
INVERCAP,2022-12-31,Debt,901013.15937
INVERCAP,2023-03-31,Cash,266588.09408
INVERCAP,2023-03-31,Debt,898293.5192000001
INVERCAP,2023-06-30,Cash,281250.24251999997
INVERCAP,2023-06-30,Debt,1011490.7805599999
INVERCAP,2023-09-30,Cash,274691.81124
INVERCAP,2023-09-30,Debt,1267179.22188
INVERCAP,2023-12-31,Cash,518245.8974
INVERCAP,2023-12-31,Debt,1480865.5813000002
INVERCAP,2024-03-31,Cash,527049.81714
INVERCAP,2024-03-31,Debt,1626722.05962
INVERCAP,2024-06-30,Cash,551122.74714
INVERCAP,2024-06-30,Debt,1618515.26046
INVERCAP,2024-09-30,Cash,502.74199999999996
INVERCAP,2024-09-30,Debt,1749.9479999999999
INVERCAP,2024-12-31,Cash,454891.9806
INVERCAP,2024-12-31,Debt,1731931.9785600002
INVERCAP,2025-03-31,Cash,436516.3485000001
INVERCAP,2025-03-31,Debt,1781195.9792000002
INVERCAP,2025-06-30,Cash,417.198
INVERCAP,2025-06-30,Debt,1903.182
NUTRAVALOR,2017-03-31,Cash,-41676.67538
NUTRAVALOR,2017-03-31,Debt,-323012.29168
NUTRAVALOR,2017-06-30,Cash,-28837.697220000002
NUTRAVALOR,2017-06-30,Debt,-257830.84602
NUTRAVALOR,2017-09-30,Cash,-91668.82585000001
NUTRAVALOR,2017-09-30,Debt,-230884.23585
NUTRAVALOR,2017-12-31,Cash,-17318.443000000003
NUTRAVALOR,2017-12-31,Debt,-161564.15464
NUTRAVALOR,2018-03-31,Cash,-15708.31278
NUTRAVALOR,2018-03-31,Debt,-159757.77174
NUTRAVALOR,2018-06-30,Cash,-11998.738100000002
NUTRAVALOR,2018-06-30,Debt,-172360.53155
NUTRAVALOR,2018-09-30,Cash,-16101.5715
NUTRAVALOR,2018-09-30,Debt,-166041.1305
NUTRAVALOR,2018-12-31,Cash,-19911.343490000003
NUTRAVALOR,2018-12-31,Debt,-176517.4237
NUTRAVALOR,2019-03-31,Cash,-11591.47071
NUTRAVALOR,2019-03-31,Debt,-188776.35311999999
NUTRAVALOR,2019-06-30,Cash,-19505.1834
NUTRAVALOR,2019-06-30,Debt,-227415.88944
NUTRAVALOR,2019-09-30,Cash,-11150.073199999999
NUTRAVALOR,2019-09-30,Debt,-248361.07728
NUTRAVALOR,2019-12-31,Cash,-47146.35992
NUTRAVALOR,2019-12-31,Debt,-267562.81536
NUTRAVALOR,2020-03-31,Cash,-63271.92689999999
NUTRAVALOR,2020-03-31,Debt,-313103.0721
NUTRAVALOR,2020-06-30,Cash,-55766.36796
NUTRAVALOR,2020-06-30,Debt,-303569.18052
NUTRAVALOR,2020-09-30,Cash,-70176.22268
NUTRAVALOR,2020-09-30,Debt,-291395.5116
NUTRAVALOR,2020-12-31,Cash,-63926.96244
NUTRAVALOR,2020-12-31,Debt,-255174.41976000002
NUTRAVALOR,2021-03-31,Cash,-72466.44413
NUTRAVALOR,2021-03-31,Debt,-269682.96804
NUTRAVALOR,2021-06-30,Cash,-56791.556639999995
NUTRAVALOR,2021-06-30,Debt,-252774.5584
NUTRAVALOR,2021-09-30,Cash,-73.743
NUTRAVALOR,2021-09-30,Debt,-340.512
NUTRAVALOR,2021-12-31,Cash,-71211.8385
NUTRAVALOR,2021-12-31,Debt,-305683.58050000004
NUTRAVALOR,2022-03-31,Cash,-57729.527239999996
NUTRAVALOR,2022-03-31,Debt,-292116.65032
NUTRAVALOR,2022-06-30,Cash,-50285.56019999999
NUTRAVALOR,2022-06-30,Debt,-361363.29603
NUTRAVALOR,2022-09-30,Cash,-164864.322
NUTRAVALOR,2022-09-30,Debt,-355656.084
NUTRAVALOR,2022-12-31,Cash,-147625.99956
NUTRAVALOR,2022-12-31,Debt,-262234.78197999997
NUTRAVALOR,2023-03-31,Cash,-131334.16548000003
NUTRAVALOR,2023-03-31,Debt,-256675.02420000004
NUTRAVALOR,2023-06-30,Cash,-123056.46276
NUTRAVALOR,2023-06-30,Debt,-235296.81251999998
NUTRAVALOR,2023-09-30,Cash,-137116.02168
NUTRAVALOR,2023-09-30,Debt,-245949.51744
NUTRAVALOR,2023-12-31,Cash,-107222.03849
NUTRAVALOR,2023-12-31,Debt,-226208.23939
NUTRAVALOR,2024-03-31,Cash,-120699.13631999999
NUTRAVALOR,2024-03-31,Debt,-267689.70858000003
NUTRAVALOR,2024-06-30,Cash,-95677.3671
NUTRAVALOR,2024-06-30,Debt,-244358.88288
NUTRAVALOR,2024-09-30,Cash,-64431.4125
NUTRAVALOR,2024-09-30,Debt,-227387.5875
NUTRAVALOR,2024-12-31,Cash,-103699.35876
NUTRAVALOR,2024-12-31,Debt,-256581.08228
NUTRAVALOR,2025-03-31,Cash,-104887.4843
NUTRAVALOR,2025-03-31,Debt,-248702.2531
NUTRAVALOR,2025-06-30,Cash,-74112.47948000001
NUTRAVALOR,2025-06-30,Debt,-239167.65808000002
