Date,USDCLP
2016-12-01,673.54
2016-12-02,674.76
2016-12-03,674.76
2016-12-04,674.76
2016-12-05,672.58
2016-12-06,668.9
2016-12-07,662.05
2016-12-08,662.05
2016-12-09,656.07
2016-12-10,656.07
2016-12-11,656.07
2016-12-12,653.55
2016-12-13,649.4
2016-12-14,650.25
2016-12-15,654.94
2016-12-16,663.68
2016-12-17,663.68
2016-12-18,663.68
2016-12-19,670.16
2016-12-20,677.11
2016-12-21,676.09
2016-12-22,672.24
2016-12-23,674.96
2016-12-24,674.96
2016-12-25,674.96
2016-12-26,673.48
2016-12-27,672.69
2016-12-28,673.73
2016-12-29,673.06
2016-12-30,667.29
2016-12-31,667.29
2017-01-01,667.29
2017-01-02,667.29
2017-01-03,669.47
2017-01-04,673.36
2017-01-05,671.78
2017-01-06,666.41
2017-01-07,666.41
2017-01-08,666.41
2017-01-09,665.29
2017-01-10,670.35
2017-01-11,670.94
2017-01-12,671.69
2017-01-13,663.01
2017-01-14,663.01
2017-01-15,663.01
2017-01-16,660.13
2017-01-17,661.38
2017-01-18,657.85
2017-01-19,658.91
2017-01-20,660.18
2017-01-21,660.18
2017-01-22,660.18
2017-01-23,659.49
2017-01-24,652.92
2017-01-25,653.84
2017-01-26,650.98
2017-01-27,648.31
2017-01-28,648.31
2017-01-29,648.31
2017-01-30,649.92
2017-01-31,648.87
2017-02-01,646.19
2017-02-02,646.97
2017-02-03,643.18
2017-02-04,643.18
2017-02-05,643.18
2017-02-06,641.8
2017-02-07,639.35
2017-02-08,646.06
2017-02-09,646.58
2017-02-10,646.82
2017-02-11,646.82
2017-02-12,646.82
2017-02-13,642.62
2017-02-14,642.4
2017-02-15,641.89
2017-02-16,639.93
2017-02-17,638.35
2017-02-18,638.35
2017-02-19,638.35
2017-02-20,643.49
2017-02-21,642.21
2017-02-22,643.63
2017-02-23,641.51
2017-02-24,640.36
2017-02-25,640.36
2017-02-26,640.36
2017-02-27,645.66
2017-02-28,645.19
2017-03-01,648.88
2017-03-02,650.98
2017-03-03,654.11
2017-03-04,654.11
2017-03-05,654.11
2017-03-06,655.57
2017-03-07,658.71
2017-03-08,660.02
2017-03-09,661.65
2017-03-10,664.84
2017-03-11,664.84
2017-03-12,664.84
2017-03-13,663.4
2017-03-14,665.43
2017-03-15,669.07
2017-03-16,669.52
2017-03-17,661.2
2017-03-18,661.2
2017-03-19,661.2
2017-03-20,661.15
2017-03-21,662.35
2017-03-22,657.83
2017-03-23,662.84
2017-03-24,662.42
2017-03-25,662.42
2017-03-26,662.42
2017-03-27,661.64
2017-03-28,663.74
2017-03-29,666.04
2017-03-30,663.61
2017-03-31,662.66
2017-04-01,662.66
2017-04-02,662.66
2017-04-03,663.97
2017-04-04,658.16
2017-04-05,661.42
2017-04-06,657.74
2017-04-07,656.51
2017-04-08,656.51
2017-04-09,656.51
2017-04-10,656.47
2017-04-11,654.22
2017-04-12,652.8
2017-04-13,653.65
2017-04-14,653.65
2017-04-15,653.65
2017-04-16,653.65
2017-04-17,650.0
2017-04-18,647.47
2017-04-19,647.47
2017-04-20,647.68
2017-04-21,649.26
2017-04-22,649.26
2017-04-23,649.26
2017-04-24,650.65
2017-04-25,653.71
2017-04-26,660.04
2017-04-27,665.35
2017-04-28,664.28
2017-04-29,664.28
2017-04-30,664.28
2017-05-01,664.28
2017-05-02,665.41
2017-05-03,666.95
2017-05-04,668.98
2017-05-05,673.89
2017-05-06,673.89
2017-05-07,673.89
2017-05-08,674.88
2017-05-09,676.32
2017-05-10,679.05
2017-05-11,672.92
2017-05-12,671.55
2017-05-13,671.55
2017-05-14,671.55
2017-05-15,671.03
2017-05-16,668.03
2017-05-17,666.26
2017-05-18,668.62
2017-05-19,675.8
2017-05-20,675.8
2017-05-21,675.8
2017-05-22,670.3
2017-05-23,668.21
2017-05-24,672.4
2017-05-25,674.27
2017-05-26,669.42
2017-05-27,669.42
2017-05-28,669.42
2017-05-29,670.25
2017-05-30,674.02
2017-05-31,675.31
2017-06-01,672.35
2017-06-02,672.37
2017-06-03,672.37
2017-06-04,672.37
2017-06-05,670.41
2017-06-06,668.89
2017-06-07,668.7
2017-06-08,668.36
2017-06-09,666.28
2017-06-10,666.28
2017-06-11,666.28
2017-06-12,664.47
2017-06-13,661.63
2017-06-14,662.19
2017-06-15,659.46
2017-06-16,665.23
2017-06-17,665.23
2017-06-18,665.23
2017-06-19,663.73
2017-06-20,662.47
2017-06-21,663.76
2017-06-22,664.54
2017-06-23,664.0
2017-06-24,664.0
2017-06-25,664.0
2017-06-26,664.0
2017-06-27,661.72
2017-06-28,662.09
2017-06-29,662.36
2017-06-30,663.21
2017-07-01,663.21
2017-07-02,663.21
2017-07-03,664.29
2017-07-04,661.95
2017-07-05,663.36
2017-07-06,665.94
2017-07-07,666.22
2017-07-08,666.22
2017-07-09,666.22
2017-07-10,666.61
2017-07-11,666.53
2017-07-12,666.59
2017-07-13,663.46
2017-07-14,660.71
2017-07-15,660.71
2017-07-16,660.71
2017-07-17,658.18
2017-07-18,656.92
2017-07-19,656.01
2017-07-20,653.71
2017-07-21,651.56
2017-07-22,651.56
2017-07-23,651.56
2017-07-24,651.82
2017-07-25,650.65
2017-07-26,648.77
2017-07-27,648.75
2017-07-28,647.99
2017-07-29,647.99
2017-07-30,647.99
2017-07-31,651.58
2017-08-01,652.23
2017-08-02,651.93
2017-08-03,652.77
2017-08-04,650.17
2017-08-05,650.17
2017-08-06,650.17
2017-08-07,649.88
2017-08-08,650.52
2017-08-09,649.53
2017-08-10,649.5
2017-08-11,647.42
2017-08-12,647.42
2017-08-13,647.42
2017-08-14,647.77
2017-08-15,647.77
2017-08-16,647.59
2017-08-17,645.86
2017-08-18,645.29
2017-08-19,645.29
2017-08-20,645.29
2017-08-21,646.57
2017-08-22,642.73
2017-08-23,641.47
2017-08-24,641.47
2017-08-25,638.64
2017-08-26,638.64
2017-08-27,638.64
2017-08-28,636.61
2017-08-29,630.33
2017-08-30,626.68
2017-08-31,628.36
2017-09-01,628.89
2017-09-02,628.89
2017-09-03,628.89
2017-09-04,624.2
2017-09-05,624.68
2017-09-06,621.55
2017-09-07,620.59
2017-09-08,615.58
2017-09-09,615.58
2017-09-10,615.58
2017-09-11,618.36
2017-09-12,621.69
2017-09-13,624.31
2017-09-14,626.12
2017-09-15,627.26
2017-09-16,627.26
2017-09-17,627.26
2017-09-18,627.26
2017-09-19,627.26
2017-09-20,625.53
2017-09-21,621.87
2017-09-22,623.94
2017-09-23,623.94
2017-09-24,623.94
2017-09-25,623.85
2017-09-26,628.37
2017-09-27,633.37
2017-09-28,638.28
2017-09-29,636.85
2017-09-30,636.85
2017-10-01,636.85
2017-10-02,637.93
2017-10-03,640.52
2017-10-04,635.79
2017-10-05,630.67
2017-10-06,628.84
2017-10-07,628.84
2017-10-08,628.84
2017-10-09,628.84
2017-10-10,633.32
2017-10-11,628.8
2017-10-12,626.77
2017-10-13,624.99
2017-10-14,624.99
2017-10-15,624.99
2017-10-16,622.13
2017-10-17,619.68
2017-10-18,622.07
2017-10-19,625.03
2017-10-20,625.55
2017-10-21,625.55
2017-10-22,625.55
2017-10-23,628.68
2017-10-24,630.97
2017-10-25,631.96
2017-10-26,631.12
2017-10-27,631.12
2017-10-28,631.12
2017-10-29,631.12
2017-10-30,629.62
2017-10-31,636.49
2017-11-01,636.49
2017-11-02,636.8
2017-11-03,631.97
2017-11-04,631.97
2017-11-05,631.97
2017-11-06,630.81
2017-11-07,632.97
2017-11-08,633.72
2017-11-09,631.8
2017-11-10,631.46
2017-11-11,631.46
2017-11-12,631.46
2017-11-13,630.61
2017-11-14,632.43
2017-11-15,630.59
2017-11-16,631.9
2017-11-17,630.41
2017-11-18,630.41
2017-11-19,630.41
2017-11-20,629.21
2017-11-21,636.71
2017-11-22,635.72
2017-11-23,634.82
2017-11-24,634.23
2017-11-25,634.23
2017-11-26,634.23
2017-11-27,633.66
2017-11-28,635.8
2017-11-29,641.09
2017-11-30,642.41
2017-12-01,645.32
2017-12-02,645.32
2017-12-03,645.32
2017-12-04,648.78
2017-12-05,648.21
2017-12-06,652.52
2017-12-07,653.82
2017-12-08,653.82
2017-12-09,653.82
2017-12-10,653.82
2017-12-11,655.27
2017-12-12,655.53
2017-12-13,655.74
2017-12-14,649.4
2017-12-15,641.05
2017-12-16,641.05
2017-12-17,641.05
2017-12-18,638.37
2017-12-19,622.86
2017-12-20,620.62
2017-12-21,620.58
2017-12-22,620.54
2017-12-23,620.54
2017-12-24,620.54
2017-12-25,620.54
2017-12-26,622.11
2017-12-27,619.03
2017-12-28,616.58
2017-12-29,615.22
2017-12-30,615.22
2017-12-31,615.22
2018-01-01,615.22
2018-01-02,614.75
2018-01-03,609.49
2018-01-04,604.84
2018-01-05,604.0
2018-01-06,604.0
2018-01-07,604.0
2018-01-08,606.04
2018-01-09,606.29
2018-01-10,607.25
2018-01-11,609.17
2018-01-12,608.04
2018-01-13,608.04
2018-01-14,608.04
2018-01-15,604.09
2018-01-16,601.69
2018-01-17,601.69
2018-01-18,604.99
2018-01-19,605.45
2018-01-20,605.45
2018-01-21,605.45
2018-01-22,606.55
2018-01-23,606.28
2018-01-24,608.15
2018-01-25,604.12
2018-01-26,599.33
2018-01-27,599.33
2018-01-28,599.33
2018-01-29,600.37
2018-01-30,604.63
2018-01-31,604.42
2018-02-01,603.25
2018-02-02,599.19
2018-02-03,599.19
2018-02-04,599.19
2018-02-05,601.26
2018-02-06,603.07
2018-02-07,601.23
2018-02-08,596.53
2018-02-09,600.74
2018-02-10,600.74
2018-02-11,600.74
2018-02-12,603.07
2018-02-13,600.35
2018-02-14,596.99
2018-02-15,596.66
2018-02-16,592.66
2018-02-17,592.66
2018-02-18,592.66
2018-02-19,593.15
2018-02-20,594.58
2018-02-21,595.63
2018-02-22,594.7
2018-02-23,594.73
2018-02-24,594.73
2018-02-25,594.73
2018-02-26,591.56
2018-02-27,588.28
2018-02-28,589.15
2018-03-01,593.61
2018-03-02,596.15
2018-03-03,596.15
2018-03-04,596.15
2018-03-05,598.04
2018-03-06,600.51
2018-03-07,595.93
2018-03-08,601.91
2018-03-09,605.22
2018-03-10,605.22
2018-03-11,605.22
2018-03-12,603.56
2018-03-13,603.85
2018-03-14,602.19
2018-03-15,601.16
2018-03-16,603.54
2018-03-17,603.54
2018-03-18,603.54
2018-03-19,607.6
2018-03-20,609.39
2018-03-21,609.58
2018-03-22,607.23
2018-03-23,607.76
2018-03-24,607.76
2018-03-25,607.76
2018-03-26,608.14
2018-03-27,606.07
2018-03-28,605.65
2018-03-29,605.26
2018-03-30,605.26
2018-03-31,605.26
2018-04-01,605.26
2018-04-02,603.39
2018-04-03,604.06
2018-04-04,603.66
2018-04-05,604.81
2018-04-06,602.71
2018-04-07,602.71
2018-04-08,602.71
2018-04-09,605.17
2018-04-10,604.54
2018-04-11,601.99
2018-04-12,599.2
2018-04-13,596.96
2018-04-14,596.96
2018-04-15,596.96
2018-04-16,595.45
2018-04-17,595.99
2018-04-18,595.82
2018-04-19,594.41
2018-04-20,594.42
2018-04-21,594.42
2018-04-22,594.42
2018-04-23,596.26
2018-04-24,600.58
2018-04-25,599.87
2018-04-26,603.16
2018-04-27,603.31
2018-04-28,603.31
2018-04-29,603.31
2018-04-30,605.74
2018-05-01,605.74
2018-05-02,610.98
2018-05-03,617.69
2018-05-04,619.18
2018-05-05,619.18
2018-05-06,619.18
2018-05-07,621.36
2018-05-08,627.08
2018-05-09,636.0
2018-05-10,632.92
2018-05-11,626.82
2018-05-12,626.82
2018-05-13,626.82
2018-05-14,618.5
2018-05-15,622.94
2018-05-16,632.73
2018-05-17,630.89
2018-05-18,632.36
2018-05-19,632.36
2018-05-20,632.36
2018-05-21,632.36
2018-05-22,637.03
2018-05-23,627.17
2018-05-24,625.01
2018-05-25,624.31
2018-05-26,624.31
2018-05-27,624.31
2018-05-28,625.29
2018-05-29,624.39
2018-05-30,627.52
2018-05-31,628.33
2018-06-01,631.29
2018-06-02,631.29
2018-06-03,631.29
2018-06-04,631.86
2018-06-05,630.38
2018-06-06,633.92
2018-06-07,629.21
2018-06-08,630.63
2018-06-09,630.63
2018-06-10,630.63
2018-06-11,630.45
2018-06-12,632.81
2018-06-13,634.17
2018-06-14,634.57
2018-06-15,633.99
2018-06-16,633.99
2018-06-17,633.99
2018-06-18,636.35
2018-06-19,637.35
2018-06-20,641.51
2018-06-21,639.03
2018-06-22,640.69
2018-06-23,640.69
2018-06-24,640.69
2018-06-25,637.45
2018-06-26,639.38
2018-06-27,640.21
2018-06-28,645.87
2018-06-29,647.95
2018-06-30,647.95
2018-07-01,647.95
2018-07-02,647.95
2018-07-03,651.21
2018-07-04,652.05
2018-07-05,653.2
2018-07-06,655.29
2018-07-07,655.29
2018-07-08,655.29
2018-07-09,657.33
2018-07-10,651.74
2018-07-11,650.43
2018-07-12,652.37
2018-07-13,648.05
2018-07-14,648.05
2018-07-15,648.05
2018-07-16,648.05
2018-07-17,648.59
2018-07-18,653.89
2018-07-19,655.52
2018-07-20,661.71
2018-07-21,661.71
2018-07-22,661.71
2018-07-23,659.09
2018-07-24,662.43
2018-07-25,655.72
2018-07-26,649.14
2018-07-27,648.4
2018-07-28,648.4
2018-07-29,648.4
2018-07-30,643.19
2018-07-31,638.79
2018-08-01,639.2
2018-08-02,641.05
2018-08-03,644.32
2018-08-04,644.32
2018-08-05,644.32
2018-08-06,643.83
2018-08-07,646.78
2018-08-08,642.11
2018-08-09,644.1
2018-08-10,645.95
2018-08-11,645.95
2018-08-12,645.95
2018-08-13,653.98
2018-08-14,658.7
2018-08-15,658.7
2018-08-16,661.75
2018-08-17,666.13
2018-08-18,666.13
2018-08-19,666.13
2018-08-20,668.44
2018-08-21,669.82
2018-08-22,665.02
2018-08-23,660.67
2018-08-24,665.58
2018-08-25,665.58
2018-08-26,665.58
2018-08-27,662.64
2018-08-28,656.81
2018-08-29,658.45
2018-08-30,666.81
2018-08-31,675.38
2018-09-01,675.38
2018-09-02,675.38
2018-09-03,680.48
2018-09-04,684.13
2018-09-05,693.13
2018-09-06,691.05
2018-09-07,684.97
2018-09-08,684.97
2018-09-09,684.97
2018-09-10,688.44
2018-09-11,692.62
2018-09-12,698.43
2018-09-13,691.06
2018-09-14,682.79
2018-09-15,682.79
2018-09-16,682.79
2018-09-17,682.79
2018-09-18,682.79
2018-09-19,682.79
2018-09-20,684.86
2018-09-21,673.74
2018-09-22,673.74
2018-09-23,673.74
2018-09-24,666.44
2018-09-25,667.17
2018-09-26,670.84
2018-09-27,663.9
2018-09-28,661.5
2018-09-29,661.5
2018-09-30,661.5
2018-10-01,660.42
2018-10-02,656.25
2018-10-03,658.91
2018-10-04,659.3
2018-10-05,670.4
2018-10-06,670.4
2018-10-07,670.4
2018-10-08,672.6
2018-10-09,680.67
2018-10-10,683.49
2018-10-11,683.57
2018-10-12,683.7
2018-10-13,683.7
2018-10-14,683.7
2018-10-15,683.7
2018-10-16,678.21
2018-10-17,670.45
2018-10-18,670.08
2018-10-19,674.68
2018-10-20,674.68
2018-10-21,674.68
2018-10-22,676.89
2018-10-23,680.21
2018-10-24,685.09
2018-10-25,686.88
2018-10-26,687.48
2018-10-27,687.48
2018-10-28,687.48
2018-10-29,690.01
2018-10-30,687.9
2018-10-31,693.31
2018-11-01,693.31
2018-11-02,693.31
2018-11-03,693.31
2018-11-04,693.31
2018-11-05,698.56
2018-11-06,682.78
2018-11-07,680.03
2018-11-08,676.13
2018-11-09,675.94
2018-11-10,675.94
2018-11-11,675.94
2018-11-12,681.41
2018-11-13,685.46
2018-11-14,688.76
2018-11-15,687.0
2018-11-16,678.49
2018-11-17,678.49
2018-11-18,678.49
2018-11-19,672.41
2018-11-20,670.05
2018-11-21,671.35
2018-11-22,669.45
2018-11-23,667.46
2018-11-24,667.46
2018-11-25,667.46
2018-11-26,673.31
2018-11-27,675.89
2018-11-28,675.97
2018-11-29,672.36
2018-11-30,669.43
2018-12-01,669.43
2018-12-02,669.43
2018-12-03,671.09
2018-12-04,666.49
2018-12-05,669.02
2018-12-06,671.79
2018-12-07,677.78
2018-12-08,677.78
2018-12-09,677.78
2018-12-10,674.04
2018-12-11,677.0
2018-12-12,679.9
2018-12-13,678.77
2018-12-14,681.17
2018-12-15,681.17
2018-12-16,681.17
2018-12-17,686.44
2018-12-18,685.13
2018-12-19,688.53
2018-12-20,688.46
2018-12-21,688.11
2018-12-22,688.11
2018-12-23,688.11
2018-12-24,691.87
2018-12-25,691.87
2018-12-26,692.69
2018-12-27,693.78
2018-12-28,695.69
2018-12-29,695.69
2018-12-30,695.69
2018-12-31,695.69
2019-01-01,695.69
2019-01-02,694.77
2019-01-03,697.09
2019-01-04,697.64
2019-01-05,697.64
2019-01-06,697.64
2019-01-07,688.42
2019-01-08,679.69
2019-01-09,680.1
2019-01-10,678.09
2019-01-11,677.58
2019-01-12,677.58
2019-01-13,677.58
2019-01-14,675.15
2019-01-15,674.95
2019-01-16,673.76
2019-01-17,672.73
2019-01-18,671.37
2019-01-19,671.37
2019-01-20,671.37
2019-01-21,670.1
2019-01-22,672.42
2019-01-23,672.26
2019-01-24,672.41
2019-01-25,672.14
2019-01-26,672.14
2019-01-27,672.14
2019-01-28,667.04
2019-01-29,671.29
2019-01-30,669.6
2019-01-31,666.76
2019-02-01,657.81
2019-02-02,657.81
2019-02-03,657.81
2019-02-04,655.39
2019-02-05,653.8
2019-02-06,652.78
2019-02-07,653.9
2019-02-08,654.44
2019-02-09,654.44
2019-02-10,654.44
2019-02-11,656.46
2019-02-12,660.82
2019-02-13,660.49
2019-02-14,661.6
2019-02-15,665.9
2019-02-16,665.9
2019-02-17,665.9
2019-02-18,663.98
2019-02-19,660.82
2019-02-20,658.75
2019-02-21,654.52
2019-02-22,654.33
2019-02-23,654.33
2019-02-24,654.33
2019-02-25,651.36
2019-02-26,649.22
2019-02-27,649.8
2019-02-28,649.92
2019-03-01,651.79
2019-03-02,651.79
2019-03-03,651.79
2019-03-04,656.57
2019-03-05,659.07
2019-03-06,657.49
2019-03-07,658.4
2019-03-08,662.19
2019-03-09,662.19
2019-03-10,662.19
2019-03-11,670.83
2019-03-12,669.37
2019-03-13,667.09
2019-03-14,665.68
2019-03-15,670.62
2019-03-16,670.62
2019-03-17,670.62
2019-03-18,669.39
2019-03-19,667.21
2019-03-20,664.78
2019-03-21,666.13
2019-03-22,665.12
2019-03-23,665.12
2019-03-24,665.12
2019-03-25,676.6
2019-03-26,679.08
2019-03-27,679.02
2019-03-28,683.73
2019-03-29,681.09
2019-03-30,681.09
2019-03-31,681.09
2019-04-01,678.53
2019-04-02,672.56
2019-04-03,670.05
2019-04-04,667.55
2019-04-05,666.32
2019-04-06,666.32
2019-04-07,666.32
2019-04-08,664.17
2019-04-09,663.01
2019-04-10,663.15
2019-04-11,662.92
2019-04-12,664.19
2019-04-13,664.19
2019-04-14,664.19
2019-04-15,660.67
2019-04-16,662.86
2019-04-17,663.98
2019-04-18,660.48
2019-04-19,660.48
2019-04-20,660.48
2019-04-21,660.48
2019-04-22,662.27
2019-04-23,663.91
2019-04-24,668.19
2019-04-25,672.83
2019-04-26,676.21
2019-04-27,676.21
2019-04-28,676.21
2019-04-29,673.86
2019-04-30,677.67
2019-05-01,677.67
2019-05-02,678.71
2019-05-03,683.31
2019-05-04,683.31
2019-05-05,683.31
2019-05-06,678.68
2019-05-07,681.09
2019-05-08,683.49
2019-05-09,684.51
2019-05-10,686.43
2019-05-11,686.43
2019-05-12,686.43
2019-05-13,685.67
2019-05-14,693.04
2019-05-15,692.33
2019-05-16,692.62
2019-05-17,692.79
2019-05-18,692.79
2019-05-19,692.79
2019-05-20,696.61
2019-05-21,696.61
2019-05-22,697.23
2019-05-23,696.7
2019-05-24,698.03
2019-05-25,698.03
2019-05-26,698.03
2019-05-27,694.84
2019-05-28,696.46
2019-05-29,703.48
2019-05-30,708.2
2019-05-31,707.86
2019-06-01,707.86
2019-06-02,707.86
2019-06-03,709.8
2019-06-04,704.59
2019-06-05,696.78
2019-06-06,693.25
2019-06-07,692.21
2019-06-08,692.21
2019-06-09,692.21
2019-06-10,692.28
2019-06-11,697.34
2019-06-12,693.6
2019-06-13,694.89
2019-06-14,696.25
2019-06-15,696.25
2019-06-16,696.25
2019-06-17,698.72
2019-06-18,699.52
2019-06-19,696.81
2019-06-20,693.99
2019-06-21,684.19
2019-06-22,684.19
2019-06-23,684.19
2019-06-24,683.41
2019-06-25,682.31
2019-06-26,678.32
2019-06-27,680.06
2019-06-28,679.86
2019-06-29,679.86
2019-06-30,679.86
2019-07-01,679.15
2019-07-02,677.62
2019-07-03,681.3
2019-07-04,680.48
2019-07-05,677.64
2019-07-06,677.64
2019-07-07,677.64
2019-07-08,683.12
2019-07-09,685.83
2019-07-10,688.88
2019-07-11,685.4
2019-07-12,683.38
2019-07-13,683.38
2019-07-14,683.38
2019-07-15,681.07
2019-07-16,681.07
2019-07-17,679.48
2019-07-18,681.69
2019-07-19,683.27
2019-07-20,683.27
2019-07-21,683.27
2019-07-22,685.81
2019-07-23,688.28
2019-07-24,691.57
2019-07-25,691.36
2019-07-26,694.16
2019-07-27,694.16
2019-07-28,694.16
2019-07-29,696.62
2019-07-30,697.22
2019-07-31,699.98
2019-08-01,700.82
2019-08-02,704.88
2019-08-03,704.88
2019-08-04,704.88
2019-08-05,711.13
2019-08-06,721.7
2019-08-07,716.35
2019-08-08,718.55
2019-08-09,710.98
2019-08-10,710.98
2019-08-11,710.98
2019-08-12,712.04
2019-08-13,716.69
2019-08-14,708.37
2019-08-15,708.37
2019-08-16,710.14
2019-08-17,710.14
2019-08-18,710.14
2019-08-19,709.26
2019-08-20,711.94
2019-08-21,710.63
2019-08-22,709.52
2019-08-23,713.22
2019-08-24,713.22
2019-08-25,713.22
2019-08-26,716.4
2019-08-27,718.75
2019-08-28,721.55
2019-08-29,724.2
2019-08-30,720.65
2019-08-31,720.65
2019-09-01,720.65
2019-09-02,720.2
2019-09-03,724.72
2019-09-04,725.69
2019-09-05,723.3
2019-09-06,717.52
2019-09-07,717.52
2019-09-08,717.52
2019-09-09,711.22
2019-09-10,713.72
2019-09-11,714.77
2019-09-12,714.39
2019-09-13,711.29
2019-09-14,711.29
2019-09-15,711.29
2019-09-16,707.07
2019-09-17,709.81
2019-09-18,709.81
2019-09-19,709.81
2019-09-20,709.81
2019-09-21,709.81
2019-09-22,709.81
2019-09-23,715.24
2019-09-24,722.17
2019-09-25,721.92
2019-09-26,727.08
2019-09-27,726.17
2019-09-28,726.17
2019-09-29,726.17
2019-09-30,725.68
2019-10-01,728.21
2019-10-02,729.38
2019-10-03,727.8
2019-10-04,719.53
2019-10-05,719.53
2019-10-06,719.53
2019-10-07,715.53
2019-10-08,717.05
2019-10-09,722.28
2019-10-10,724.27
2019-10-11,720.61
2019-10-12,720.61
2019-10-13,720.61
2019-10-14,712.98
2019-10-15,712.04
2019-10-16,715.48
2019-10-17,718.69
2019-10-18,713.23
2019-10-19,713.23
2019-10-20,713.23
2019-10-21,709.71
2019-10-22,723.52
2019-10-23,726.24
2019-10-24,726.15
2019-10-25,723.43
2019-10-26,723.43
2019-10-27,723.43
2019-10-28,725.87
2019-10-29,724.37
2019-10-30,726.34
2019-10-31,726.34
2019-11-01,726.34
2019-11-02,726.34
2019-11-03,726.34
2019-11-04,735.05
2019-11-05,736.66
2019-11-06,745.85
2019-11-07,743.65
2019-11-08,740.23
2019-11-09,740.23
2019-11-10,740.23
2019-11-11,746.23
2019-11-12,756.08
2019-11-13,783.72
2019-11-14,794.51
2019-11-15,801.83
2019-11-16,801.83
2019-11-17,801.83
2019-11-18,782.82
2019-11-19,773.81
2019-11-20,782.71
2019-11-21,797.17
2019-11-22,795.14
2019-11-23,795.14
2019-11-24,795.14
2019-11-25,795.94
2019-11-26,791.16
2019-11-27,793.49
2019-11-28,806.3
2019-11-29,828.25
2019-11-30,828.25
2019-12-01,828.25
2019-12-02,812.13
2019-12-03,804.29
2019-12-04,802.44
2019-12-05,796.75
2019-12-06,784.25
2019-12-07,784.25
2019-12-08,784.25
2019-12-09,779.04
2019-12-10,771.29
2019-12-11,778.14
2019-12-12,772.93
2019-12-13,768.69
2019-12-14,768.69
2019-12-15,768.69
2019-12-16,766.76
2019-12-17,762.83
2019-12-18,756.95
2019-12-19,752.3
2019-12-20,752.6
2019-12-21,752.6
2019-12-22,752.6
2019-12-23,749.83
2019-12-24,754.27
2019-12-25,754.27
2019-12-26,751.04
2019-12-27,746.66
2019-12-28,746.66
2019-12-29,746.66
2019-12-30,744.62
2019-12-31,744.62
2020-01-01,744.62
2020-01-02,748.74
2020-01-03,754.16
2020-01-04,754.16
2020-01-05,754.16
2020-01-06,758.49
2020-01-07,771.82
2020-01-08,773.12
2020-01-09,766.83
2020-01-10,764.69
2020-01-11,764.69
2020-01-12,764.69
2020-01-13,770.56
2020-01-14,777.66
2020-01-15,772.29
2020-01-16,772.01
2020-01-17,773.36
2020-01-18,773.36
2020-01-19,773.36
2020-01-20,771.38
2020-01-21,769.93
2020-01-22,770.5
2020-01-23,772.12
2020-01-24,771.94
2020-01-25,771.94
2020-01-26,771.94
2020-01-27,776.52
2020-01-28,787.86
2020-01-29,788.13
2020-01-30,788.18
2020-01-31,797.96
2020-02-01,797.96
2020-02-02,797.96
2020-02-03,799.11
2020-02-04,790.92
2020-02-05,781.78
2020-02-06,776.99
2020-02-07,779.12
2020-02-08,779.12
2020-02-09,779.12
2020-02-10,788.8
2020-02-11,795.88
2020-02-12,792.48
2020-02-13,788.33
2020-02-14,795.12
2020-02-15,795.12
2020-02-16,795.12
2020-02-17,792.73
2020-02-18,791.95
2020-02-19,796.9
2020-02-20,797.4
2020-02-21,804.74
2020-02-22,804.74
2020-02-23,804.74
2020-02-24,809.82
2020-02-25,810.2
2020-02-26,807.96
2020-02-27,811.1
2020-02-28,816.26
2020-02-29,816.26
2020-03-01,816.26
2020-03-02,818.32
2020-03-03,817.45
2020-03-04,809.81
2020-03-05,812.19
2020-03-06,823.28
2020-03-07,823.28
2020-03-08,823.28
2020-03-09,828.95
2020-03-10,841.06
2020-03-11,834.22
2020-03-12,835.48
2020-03-13,852.06
2020-03-14,852.06
2020-03-15,852.06
2020-03-16,836.66
2020-03-17,850.51
2020-03-18,855.09
2020-03-19,862.69
2020-03-20,867.83
2020-03-21,867.83
2020-03-22,867.83
2020-03-23,851.01
2020-03-24,861.07
2020-03-25,847.04
2020-03-26,843.96
2020-03-27,836.05
2020-03-28,836.05
2020-03-29,836.05
2020-03-30,835.23
2020-03-31,846.3
2020-04-01,852.03
2020-04-02,863.81
2020-04-03,861.89
2020-04-04,861.89
2020-04-05,861.89
2020-04-06,863.99
2020-04-07,853.91
2020-04-08,842.05
2020-04-09,851.9
2020-04-10,851.9
2020-04-11,851.9
2020-04-12,851.9
2020-04-13,839.49
2020-04-14,844.57
2020-04-15,848.63
2020-04-16,859.31
2020-04-17,852.52
2020-04-18,852.52
2020-04-19,852.52
2020-04-20,849.45
2020-04-21,856.23
2020-04-22,862.06
2020-04-23,856.51
2020-04-24,858.87
2020-04-25,858.87
2020-04-26,858.87
2020-04-27,859.95
2020-04-28,856.76
2020-04-29,850.41
2020-04-30,836.62
2020-05-01,836.62
2020-05-02,836.62
2020-05-03,836.62
2020-05-04,837.92
2020-05-05,838.74
2020-05-06,832.84
2020-05-07,839.08
2020-05-08,836.27
2020-05-09,836.27
2020-05-10,836.27
2020-05-11,827.65
2020-05-12,826.05
2020-05-13,821.88
2020-05-14,820.38
2020-05-15,822.93
2020-05-16,822.93
2020-05-17,822.93
2020-05-18,823.86
2020-05-19,820.65
2020-05-20,819.08
2020-05-21,819.08
2020-05-22,806.17
2020-05-23,806.17
2020-05-24,806.17
2020-05-25,805.75
2020-05-26,803.74
2020-05-27,802.1
2020-05-28,816.47
2020-05-29,812.74
2020-05-30,812.74
2020-05-31,812.74
2020-06-01,806.32
2020-06-02,796.46
2020-06-03,782.86
2020-06-04,769.13
2020-06-05,775.58
2020-06-06,775.58
2020-06-07,775.58
2020-06-08,764.97
2020-06-09,769.26
2020-06-10,771.96
2020-06-11,767.93
2020-06-12,784.65
2020-06-13,784.65
2020-06-14,784.65
2020-06-15,790.73
2020-06-16,796.87
2020-06-17,779.1
2020-06-18,798.53
2020-06-19,812.19
2020-06-20,812.19
2020-06-21,812.19
2020-06-22,817.33
2020-06-23,816.02
2020-06-24,817.9
2020-06-25,820.68
2020-06-26,813.25
2020-06-27,813.25
2020-06-28,813.25
2020-06-29,813.25
2020-06-30,816.36
2020-07-01,821.23
2020-07-02,816.29
2020-07-03,803.98
2020-07-04,803.98
2020-07-05,803.98
2020-07-06,801.46
2020-07-07,798.79
2020-07-08,793.88
2020-07-09,786.18
2020-07-10,781.74
2020-07-11,781.74
2020-07-12,781.74
2020-07-13,790.82
2020-07-14,788.22
2020-07-15,787.87
2020-07-16,787.87
2020-07-17,787.5
2020-07-18,787.5
2020-07-19,787.5
2020-07-20,787.26
2020-07-21,786.04
2020-07-22,777.66
2020-07-23,769.06
2020-07-24,767.17
2020-07-25,767.17
2020-07-26,767.17
2020-07-27,768.63
2020-07-28,768.81
2020-07-29,767.82
2020-07-30,759.18
2020-07-31,754.45
2020-08-01,754.45
2020-08-02,754.45
2020-08-03,757.06
2020-08-04,761.34
2020-08-05,767.98
2020-08-06,774.82
2020-08-07,777.18
2020-08-08,777.18
2020-08-09,777.18
2020-08-10,784.28
2020-08-11,796.58
2020-08-12,793.61
2020-08-13,792.69
2020-08-14,793.32
2020-08-15,793.32
2020-08-16,793.32
2020-08-17,796.73
2020-08-18,803.4
2020-08-19,796.23
2020-08-20,784.25
2020-08-21,785.84
2020-08-22,785.84
2020-08-23,785.84
2020-08-24,790.88
2020-08-25,786.17
2020-08-26,784.44
2020-08-27,786.91
2020-08-28,784.27
2020-08-29,784.27
2020-08-30,784.27
2020-08-31,779.92
2020-09-01,776.46
2020-09-02,770.59
2020-09-03,771.45
2020-09-04,773.71
2020-09-05,773.71
2020-09-06,773.71
2020-09-07,773.76
2020-09-08,773.24
2020-09-09,776.65
2020-09-10,767.87
2020-09-11,764.99
2020-09-12,764.99
2020-09-13,764.99
2020-09-14,768.34
2020-09-15,767.01
2020-09-16,760.01
2020-09-17,761.54
2020-09-18,761.54
2020-09-19,761.54
2020-09-20,761.54
2020-09-21,764.34
2020-09-22,772.83
2020-09-23,773.4
2020-09-24,781.44
2020-09-25,788.02
2020-09-26,788.02
2020-09-27,788.02
2020-09-28,787.15
2020-09-29,784.19
2020-09-30,784.46
2020-10-01,788.15
2020-10-02,785.04
2020-10-03,785.04
2020-10-04,785.04
2020-10-05,790.81
2020-10-06,794.34
2020-10-07,797.35
2020-10-08,795.05
2020-10-09,797.25
2020-10-10,797.25
2020-10-11,797.25
2020-10-12,797.25
2020-10-13,796.05
2020-10-14,797.66
2020-10-15,798.56
2020-10-16,801.91
2020-10-17,801.91
2020-10-18,801.91
2020-10-19,795.68
2020-10-20,788.27
2020-10-21,786.66
2020-10-22,784.07
2020-10-23,781.41
2020-10-24,781.41
2020-10-25,781.41
2020-10-26,777.72
2020-10-27,779.57
2020-10-28,772.05
2020-10-29,775.56
2020-10-30,770.45
2020-10-31,770.45
2020-11-01,770.45
2020-11-02,771.92
2020-11-03,769.17
2020-11-04,758.53
2020-11-05,757.16
2020-11-06,752.01
2020-11-07,752.01
2020-11-08,752.01
2020-11-09,759.25
2020-11-10,753.75
2020-11-11,760.9
2020-11-12,757.42
2020-11-13,757.43
2020-11-14,757.43
2020-11-15,757.43
2020-11-16,766.7
2020-11-17,767.86
2020-11-18,767.05
2020-11-19,758.1
2020-11-20,758.62
2020-11-21,758.62
2020-11-22,758.62
2020-11-23,761.55
2020-11-24,765.96
2020-11-25,772.83
2020-11-26,771.68
2020-11-27,766.0
2020-11-28,766.0
2020-11-29,766.0
2020-11-30,766.69
2020-12-01,767.29
2020-12-02,760.16
2020-12-03,755.34
2020-12-04,752.03
2020-12-05,752.03
2020-12-06,752.03
2020-12-07,747.61
2020-12-08,747.61
2020-12-09,744.82
2020-12-10,739.45
2020-12-11,738.17
2020-12-12,738.17
2020-12-13,738.17
2020-12-14,733.55
2020-12-15,731.58
2020-12-16,734.23
2020-12-17,735.09
2020-12-18,723.44
2020-12-19,723.44
2020-12-20,723.44
2020-12-21,723.85
2020-12-22,730.7
2020-12-23,728.96
2020-12-24,716.25
2020-12-25,716.25
2020-12-26,716.25
2020-12-27,716.25
2020-12-28,710.26
2020-12-29,710.64
2020-12-30,711.24
2020-12-31,711.24
2021-01-01,711.24
2021-01-02,711.24
2021-01-03,711.24
2021-01-04,710.95
2021-01-05,702.93
2021-01-06,702.29
2021-01-07,696.18
2021-01-08,709.99
2021-01-09,709.99
2021-01-10,709.99
2021-01-11,713.28
2021-01-12,718.89
2021-01-13,725.24
2021-01-14,739.72
2021-01-15,735.35
2021-01-16,735.35
2021-01-17,735.35
2021-01-18,735.06
2021-01-19,736.11
2021-01-20,733.73
2021-01-21,730.38
2021-01-22,715.56
2021-01-23,715.56
2021-01-24,715.56
2021-01-25,724.26
2021-01-26,731.92
2021-01-27,731.0
2021-01-28,736.88
2021-01-29,741.4
2021-01-30,741.4
2021-01-31,741.4
2021-02-01,734.62
2021-02-02,731.66
2021-02-03,734.86
2021-02-04,730.53
2021-02-05,737.23
2021-02-06,737.23
2021-02-07,737.23
2021-02-08,736.65
2021-02-09,735.07
2021-02-10,733.13
2021-02-11,728.9
2021-02-12,722.52
2021-02-13,722.52
2021-02-14,722.52
2021-02-15,724.39
2021-02-16,718.45
2021-02-17,717.38
2021-02-18,719.78
2021-02-19,712.14
2021-02-20,712.14
2021-02-21,712.14
2021-02-22,707.12
2021-02-23,709.65
2021-02-24,706.76
2021-02-25,703.65
2021-02-26,708.04
2021-02-27,708.04
2021-02-28,708.04
2021-03-01,719.91
2021-03-02,721.2
2021-03-03,726.74
2021-03-04,731.3
2021-03-05,729.15
2021-03-06,729.15
2021-03-07,729.15
2021-03-08,733.11
2021-03-09,738.46
2021-03-10,733.42
2021-03-11,728.89
2021-03-12,718.4
2021-03-13,718.4
2021-03-14,718.4
2021-03-15,718.37
2021-03-16,721.49
2021-03-17,723.47
2021-03-18,730.93
2021-03-19,724.59
2021-03-20,724.59
2021-03-21,724.59
2021-03-22,717.96
2021-03-23,716.46
2021-03-24,720.62
2021-03-25,723.35
2021-03-26,730.82
2021-03-27,730.82
2021-03-28,730.82
2021-03-29,729.5
2021-03-30,736.17
2021-03-31,732.11
2021-04-01,721.82
2021-04-02,721.82
2021-04-03,721.82
2021-04-04,721.82
2021-04-05,717.12
2021-04-06,717.9
2021-04-07,718.17
2021-04-08,714.21
2021-04-09,708.09
2021-04-10,708.09
2021-04-11,708.09
2021-04-12,711.23
2021-04-13,709.51
2021-04-14,708.71
2021-04-15,707.25
2021-04-16,701.98
2021-04-17,701.98
2021-04-18,701.98
2021-04-19,701.55
2021-04-20,700.96
2021-04-21,697.19
2021-04-22,696.8
2021-04-23,705.41
2021-04-24,705.41
2021-04-25,705.41
2021-04-26,712.54
2021-04-27,707.05
2021-04-28,702.02
2021-04-29,700.15
2021-04-30,705.09
2021-05-01,705.09
2021-05-02,705.09
2021-05-03,711.06
2021-05-04,706.29
2021-05-05,705.25
2021-05-06,703.09
2021-05-07,701.27
2021-05-08,701.27
2021-05-09,701.27
2021-05-10,694.47
2021-05-11,693.74
2021-05-12,700.04
2021-05-13,707.19
2021-05-14,708.64
2021-05-15,708.64
2021-05-16,708.64
2021-05-17,703.17
2021-05-18,715.62
2021-05-19,713.63
2021-05-20,715.31
2021-05-21,715.31
2021-05-22,715.31
2021-05-23,715.31
2021-05-24,716.41
2021-05-25,727.09
2021-05-26,734.75
2021-05-27,732.82
2021-05-28,730.43
2021-05-29,730.43
2021-05-30,730.43
2021-05-31,724.92
2021-06-01,722.11
2021-06-02,721.52
2021-06-03,720.44
2021-06-04,719.93
2021-06-05,719.93
2021-06-06,719.93
2021-06-07,717.12
2021-06-08,716.06
2021-06-09,717.82
2021-06-10,718.98
2021-06-11,720.77
2021-06-12,720.77
2021-06-13,720.77
2021-06-14,720.28
2021-06-15,719.17
2021-06-16,725.11
2021-06-17,726.62
2021-06-18,735.69
2021-06-19,735.69
2021-06-20,735.69
2021-06-21,735.69
2021-06-22,746.17
2021-06-23,749.34
2021-06-24,735.13
2021-06-25,731.1
2021-06-26,731.1
2021-06-27,731.1
2021-06-28,731.1
2021-06-29,732.25
2021-06-30,735.28
2021-07-01,727.76
2021-07-02,737.79
2021-07-03,737.79
2021-07-04,737.79
2021-07-05,735.06
2021-07-06,734.66
2021-07-07,743.25
2021-07-08,751.36
2021-07-09,753.67
2021-07-10,753.67
2021-07-11,753.67
2021-07-12,748.7
2021-07-13,744.1
2021-07-14,746.56
2021-07-15,747.93
2021-07-16,747.93
2021-07-17,747.93
2021-07-18,747.93
2021-07-19,754.17
2021-07-20,759.71
2021-07-21,758.85
2021-07-22,755.37
2021-07-23,750.81
2021-07-24,750.81
2021-07-25,750.81
2021-07-26,758.44
2021-07-27,764.21
2021-07-28,761.03
2021-07-29,767.29
2021-07-30,758.53
2021-07-31,758.53
2021-08-01,758.53
2021-08-02,760.2
2021-08-03,761.39
2021-08-04,774.54
2021-08-05,775.54
2021-08-06,776.69
2021-08-07,776.69
2021-08-08,776.69
2021-08-09,784.5
2021-08-10,787.4
2021-08-11,780.08
2021-08-12,773.01
2021-08-13,772.78
2021-08-14,772.78
2021-08-15,772.78
2021-08-16,774.25
2021-08-17,784.18
2021-08-18,789.62
2021-08-19,787.71
2021-08-20,789.98
2021-08-21,789.98
2021-08-22,789.98
2021-08-23,786.43
2021-08-24,783.3
2021-08-25,782.17
2021-08-26,783.03
2021-08-27,785.06
2021-08-28,785.06
2021-08-29,785.06
2021-08-30,784.39
2021-08-31,779.97
2021-09-01,775.14
2021-09-02,767.1
2021-09-03,768.36
2021-09-04,768.36
2021-09-05,768.36
2021-09-06,766.53
2021-09-07,770.33
2021-09-08,777.94
2021-09-09,787.51
2021-09-10,791.28
2021-09-11,791.28
2021-09-12,791.28
2021-09-13,789.91
2021-09-14,784.26
2021-09-15,783.25
2021-09-16,781.85
2021-09-17,781.85
2021-09-18,781.85
2021-09-19,781.85
2021-09-20,780.59
2021-09-21,788.05
2021-09-22,785.1
2021-09-23,785.03
2021-09-24,787.24
2021-09-25,787.24
2021-09-26,787.24
2021-09-27,788.98
2021-09-28,795.48
2021-09-29,798.63
2021-09-30,803.59
2021-10-01,811.9
2021-10-02,811.9
2021-10-03,811.9
2021-10-04,803.9
2021-10-05,805.89
2021-10-06,810.63
2021-10-07,816.28
2021-10-08,813.62
2021-10-09,813.62
2021-10-10,813.62
2021-10-11,813.62
2021-10-12,820.18
2021-10-13,827.56
2021-10-14,820.19
2021-10-15,816.81
2021-10-16,816.81
2021-10-17,816.81
2021-10-18,826.19
2021-10-19,820.29
2021-10-20,813.33
2021-10-21,811.55
2021-10-22,817.61
2021-10-23,817.61
2021-10-24,817.61
2021-10-25,816.58
2021-10-26,810.16
2021-10-27,806.55
2021-10-28,804.32
2021-10-29,805.47
2021-10-30,805.47
2021-10-31,805.47
2021-11-01,805.47
2021-11-02,810.91
2021-11-03,814.42
2021-11-04,815.52
2021-11-05,815.58
2021-11-06,815.58
2021-11-07,815.58
2021-11-08,812.4
2021-11-09,806.61
2021-11-10,797.78
2021-11-11,791.71
2021-11-12,791.3
2021-11-13,791.3
2021-11-14,791.3
2021-11-15,797.8
2021-11-16,801.96
2021-11-17,806.24
2021-11-18,819.56
2021-11-19,834.57
2021-11-20,834.57
2021-11-21,834.57
2021-11-22,832.72
2021-11-23,808.14
2021-11-24,809.94
2021-11-25,811.7
2021-11-26,819.59
2021-11-27,819.59
2021-11-28,819.59
2021-11-29,829.94
2021-11-30,836.73
2021-12-01,837.55
2021-12-02,828.17
2021-12-03,837.72
2021-12-04,837.72
2021-12-05,837.72
2021-12-06,837.69
2021-12-07,842.32
2021-12-08,842.32
2021-12-09,839.53
2021-12-10,841.32
2021-12-11,841.32
2021-12-12,841.32
2021-12-13,849.16
2021-12-14,843.43
2021-12-15,846.43
2021-12-16,848.52
2021-12-17,849.65
2021-12-18,849.65
2021-12-19,849.65
2021-12-20,846.64
2021-12-21,863.21
2021-12-22,868.76
2021-12-23,866.25
2021-12-24,857.14
2021-12-25,857.14
2021-12-26,857.14
2021-12-27,863.29
2021-12-28,858.59
2021-12-29,855.94
2021-12-30,850.25
2021-12-31,850.25
2022-01-01,850.25
2022-01-02,850.25
2022-01-03,844.69
2022-01-04,851.43
2022-01-05,852.03
2022-01-06,841.63
2022-01-07,838.88
2022-01-08,838.88
2022-01-09,838.88
2022-01-10,831.59
2022-01-11,831.39
2022-01-12,832.6
2022-01-13,826.51
2022-01-14,821.87
2022-01-15,821.87
2022-01-16,821.87
2022-01-17,815.39
2022-01-18,822.0
2022-01-19,820.6
2022-01-20,813.46
2022-01-21,805.25
2022-01-22,805.25
2022-01-23,805.25
2022-01-24,799.23
2022-01-25,800.31
2022-01-26,806.06
2022-01-27,798.86
2022-01-28,799.15
2022-01-29,799.15
2022-01-30,799.15
2022-01-31,810.12
2022-02-01,803.88
2022-02-02,801.52
2022-02-03,805.95
2022-02-04,817.29
2022-02-05,817.29
2022-02-06,817.29
2022-02-07,825.58
2022-02-08,826.93
2022-02-09,824.33
2022-02-10,820.79
2022-02-11,804.2
2022-02-12,804.2
2022-02-13,804.2
2022-02-14,806.24
2022-02-15,812.24
2022-02-16,804.17
2022-02-17,799.55
2022-02-18,798.98
2022-02-19,798.98
2022-02-20,798.98
2022-02-21,793.91
2022-02-22,799.99
2022-02-23,796.25
2022-02-24,787.05
2022-02-25,807.26
2022-02-26,807.26
2022-02-27,807.26
2022-02-28,805.25
2022-03-01,798.01
2022-03-02,803.27
2022-03-03,807.31
2022-03-04,800.97
2022-03-05,800.97
2022-03-06,800.97
2022-03-07,806.89
2022-03-08,808.6
2022-03-09,812.03
2022-03-10,803.57
2022-03-11,806.03
2022-03-12,806.03
2022-03-13,806.03
2022-03-14,802.48
2022-03-15,808.41
2022-03-16,815.03
2022-03-17,803.55
2022-03-18,798.13
2022-03-19,798.13
2022-03-20,798.13
2022-03-21,802.23
2022-03-22,798.5
2022-03-23,793.22
2022-03-24,794.44
2022-03-25,789.87
2022-03-26,789.87
2022-03-27,789.87
2022-03-28,785.89
2022-03-29,778.62
2022-03-30,777.1
2022-03-31,787.16
2022-04-01,787.98
2022-04-02,787.98
2022-04-03,787.98
2022-04-04,783.45
2022-04-05,779.33
2022-04-06,783.28
2022-04-07,794.58
2022-04-08,807.88
2022-04-09,807.88
2022-04-10,807.88
2022-04-11,814.28
2022-04-12,818.53
2022-04-13,806.73
2022-04-14,804.78
2022-04-15,804.78
2022-04-16,804.78
2022-04-17,804.78
2022-04-18,814.73
2022-04-19,817.7
2022-04-20,818.18
2022-04-21,816.29
2022-04-22,817.85
2022-04-23,817.85
2022-04-24,817.85
2022-04-25,834.45
2022-04-26,850.85
2022-04-27,847.57
2022-04-28,847.44
2022-04-29,856.58
2022-04-30,856.58
2022-05-01,856.58
2022-05-02,850.78
2022-05-03,860.64
2022-05-04,856.74
2022-05-05,859.33
2022-05-06,863.1
2022-05-07,863.1
2022-05-08,863.1
2022-05-09,857.58
2022-05-10,867.87
2022-05-11,868.06
2022-05-12,861.76
2022-05-13,867.93
2022-05-14,867.93
2022-05-15,867.93
2022-05-16,861.04
2022-05-17,857.98
2022-05-18,850.78
2022-05-19,849.9
2022-05-20,842.38
2022-05-21,842.38
2022-05-22,842.38
2022-05-23,833.58
2022-05-24,829.59
2022-05-25,833.99
2022-05-26,835.43
2022-05-27,829.61
2022-05-28,829.61
2022-05-29,829.61
2022-05-30,822.25
2022-05-31,826.26
2022-06-01,824.35
2022-06-02,825.28
2022-06-03,815.56
2022-06-04,815.56
2022-06-05,815.56
2022-06-06,813.38
2022-06-07,817.99
2022-06-08,828.99
2022-06-09,821.66
2022-06-10,827.19
2022-06-11,827.19
2022-06-12,827.19
2022-06-13,838.61
2022-06-14,863.33
2022-06-15,866.79
2022-06-16,863.95
2022-06-17,869.62
2022-06-18,869.62
2022-06-19,869.62
2022-06-20,875.65
2022-06-21,875.65
2022-06-22,880.82
2022-06-23,886.64
2022-06-24,898.8
2022-06-25,898.8
2022-06-26,898.8
2022-06-27,898.8
2022-06-28,911.49
2022-06-29,905.32
2022-06-30,919.97
2022-07-01,932.08
2022-07-02,932.08
2022-07-03,932.08
2022-07-04,934.54
2022-07-05,927.53
2022-07-06,948.51
2022-07-07,972.66
2022-07-08,959.7
2022-07-09,959.7
2022-07-10,959.7
2022-07-11,966.74
2022-07-12,989.95
2022-07-13,1008.81
2022-07-14,1010.16
2022-07-15,1042.97
2022-07-16,1042.97
2022-07-17,1042.97
2022-07-18,988.22
2022-07-19,940.9
2022-07-20,929.83
2022-07-21,919.93
2022-07-22,927.49
2022-07-23,927.49
2022-07-24,927.49
2022-07-25,932.83
2022-07-26,941.03
2022-07-27,922.04
2022-07-28,920.49
2022-07-29,911.42
2022-07-30,911.42
2022-07-31,911.42
2022-08-01,905.1
2022-08-02,893.19
2022-08-03,897.22
2022-08-04,907.82
2022-08-05,903.91
2022-08-06,903.91
2022-08-07,903.91
2022-08-08,914.49
2022-08-09,906.03
2022-08-10,900.78
2022-08-11,889.38
2022-08-12,882.33
2022-08-13,882.33
2022-08-14,882.33
2022-08-15,882.33
2022-08-16,882.72
2022-08-17,882.2
2022-08-18,895.76
2022-08-19,918.2
2022-08-20,918.2
2022-08-21,918.2
2022-08-22,945.35
2022-08-23,945.47
2022-08-24,926.94
2022-08-25,915.6
2022-08-26,910.03
2022-08-27,910.03
2022-08-28,910.03
2022-08-29,900.22
2022-08-30,890.9
2022-08-31,882.11
2022-09-01,898.04
2022-09-02,898.24
2022-09-03,898.24
2022-09-04,898.24
2022-09-05,885.52
2022-09-06,866.28
2022-09-07,888.51
2022-09-08,886.34
2022-09-09,881.04
2022-09-10,881.04
2022-09-11,881.04
2022-09-12,885.15
2022-09-13,898.69
2022-09-14,910.27
2022-09-15,917.11
2022-09-16,917.11
2022-09-17,917.11
2022-09-18,917.11
2022-09-19,917.11
2022-09-20,922.6
2022-09-21,928.25
2022-09-22,938.82
2022-09-23,943.07
2022-09-24,943.07
2022-09-25,943.07
2022-09-26,965.18
2022-09-27,987.07
2022-09-28,982.83
2022-09-29,971.14
2022-09-30,966.0
2022-10-01,966.0
2022-10-02,966.0
2022-10-03,960.24
2022-10-04,955.42
2022-10-05,931.12
2022-10-06,942.02
2022-10-07,943.92
2022-10-08,943.92
2022-10-09,943.92
2022-10-10,943.92
2022-10-11,945.06
2022-10-12,933.88
2022-10-13,933.14
2022-10-14,944.75
2022-10-15,944.75
2022-10-16,944.75
2022-10-17,950.72
2022-10-18,967.73
2022-10-19,972.03
2022-10-20,978.06
2022-10-21,972.08
2022-10-22,972.08
2022-10-23,972.08
2022-10-24,978.49
2022-10-25,983.91
2022-10-26,971.12
2022-10-27,953.0
2022-10-28,945.31
2022-10-29,945.31
2022-10-30,945.31
2022-10-31,945.31
2022-11-01,945.31
2022-11-02,936.35
2022-11-03,937.79
2022-11-04,948.74
2022-11-05,948.74
2022-11-06,948.74
2022-11-07,932.37
2022-11-08,919.58
2022-11-09,907.35
2022-11-10,904.42
2022-11-11,893.54
2022-11-12,893.54
2022-11-13,893.54
2022-11-14,887.46
2022-11-15,898.72
2022-11-16,889.14
2022-11-17,895.68
2022-11-18,920.86
2022-11-19,920.86
2022-11-20,920.86
2022-11-21,929.3
2022-11-22,947.06
2022-11-23,935.29
2022-11-24,924.63
2022-11-25,911.96
2022-11-26,911.96
2022-11-27,911.96
2022-11-28,915.81
2022-11-29,916.36
2022-11-30,905.7
2022-12-01,894.82
2022-12-02,885.77
2022-12-03,885.77
2022-12-04,885.77
2022-12-05,881.87
2022-12-06,886.26
2022-12-07,884.74
2022-12-08,884.74
2022-12-09,878.58
2022-12-10,878.58
2022-12-11,878.58
2022-12-12,861.51
2022-12-13,860.03
2022-12-14,858.07
2022-12-15,862.85
2022-12-16,875.56
2022-12-17,875.56
2022-12-18,875.56
2022-12-19,885.99
2022-12-20,888.27
2022-12-21,889.65
2022-12-22,879.48
2022-12-23,867.01
2022-12-24,867.01
2022-12-25,867.01
2022-12-26,876.22
2022-12-27,879.19
2022-12-28,876.75
2022-12-29,856.76
2022-12-30,859.51
2022-12-31,859.51
2023-01-01,859.51
2023-01-02,859.51
2023-01-03,855.86
2023-01-04,852.14
2023-01-05,855.1
2023-01-06,856.31
2023-01-07,856.31
2023-01-08,856.31
2023-01-09,846.38
2023-01-10,837.19
2023-01-11,833.73
2023-01-12,825.67
2023-01-13,822.32
2023-01-14,822.32
2023-01-15,822.32
2023-01-16,824.33
2023-01-17,821.59
2023-01-18,820.89
2023-01-19,812.45
2023-01-20,828.74
2023-01-21,828.74
2023-01-22,828.74
2023-01-23,821.02
2023-01-24,814.11
2023-01-25,805.45
2023-01-26,803.68
2023-01-27,802.58
2023-01-28,802.58
2023-01-29,802.58
2023-01-30,803.14
2023-01-31,810.37
2023-02-01,804.28
2023-02-02,791.8
2023-02-03,781.49
2023-02-04,781.49
2023-02-05,781.49
2023-02-06,788.88
2023-02-07,804.79
2023-02-08,799.46
2023-02-09,793.19
2023-02-10,796.27
2023-02-11,796.27
2023-02-12,796.27
2023-02-13,800.78
2023-02-14,793.79
2023-02-15,789.49
2023-02-16,792.62
2023-02-17,794.35
2023-02-18,794.35
2023-02-19,794.35
2023-02-20,792.25
2023-02-21,791.7
2023-02-22,797.75
2023-02-23,799.42
2023-02-24,802.93
2023-02-25,802.93
2023-02-26,802.93
2023-02-27,818.67
2023-02-28,831.24
2023-03-01,829.97
2023-03-02,815.24
2023-03-03,814.56
2023-03-04,814.56
2023-03-05,814.56
2023-03-06,808.91
2023-03-07,803.0
2023-03-08,798.18
2023-03-09,802.88
2023-03-10,800.88
2023-03-11,800.88
2023-03-12,800.88
2023-03-13,797.19
2023-03-14,803.14
2023-03-15,800.71
2023-03-16,817.42
2023-03-17,824.65
2023-03-18,824.65
2023-03-19,824.65
2023-03-20,830.65
2023-03-21,826.35
2023-03-22,821.55
2023-03-23,818.76
2023-03-24,805.23
2023-03-25,805.23
2023-03-26,805.23
2023-03-27,811.48
2023-03-28,806.58
2023-03-29,799.76
2023-03-30,792.18
2023-03-31,789.32
2023-04-01,789.32
2023-04-02,789.32
2023-04-03,790.41
2023-04-04,801.28
2023-04-05,810.64
2023-04-06,810.22
2023-04-07,810.22
2023-04-08,810.22
2023-04-09,810.22
2023-04-10,814.64
2023-04-11,821.49
2023-04-12,811.75
2023-04-13,802.89
2023-04-14,795.81
2023-04-15,795.81
2023-04-16,795.81
2023-04-17,797.28
2023-04-18,801.26
2023-04-19,795.23
2023-04-20,796.93
2023-04-21,791.64
2023-04-22,791.64
2023-04-23,791.64
2023-04-24,795.96
2023-04-25,814.75
2023-04-26,813.9
2023-04-27,805.21
2023-04-28,801.61
2023-04-29,801.61
2023-04-30,801.61
2023-05-01,801.61
2023-05-02,803.3
2023-05-03,808.75
2023-05-04,806.03
2023-05-05,800.54
2023-05-06,800.54
2023-05-07,800.54
2023-05-08,795.46
2023-05-09,793.43
2023-05-10,792.46
2023-05-11,788.15
2023-05-12,796.38
2023-05-13,796.38
2023-05-14,796.38
2023-05-15,787.0
2023-05-16,783.35
2023-05-17,794.44
2023-05-18,797.24
2023-05-19,796.04
2023-05-20,796.04
2023-05-21,796.04
2023-05-22,797.0
2023-05-23,800.24
2023-05-24,801.71
2023-05-25,809.03
2023-05-26,809.24
2023-05-27,809.24
2023-05-28,809.24
2023-05-29,804.11
2023-05-30,802.14
2023-05-31,803.94
2023-06-01,811.61
2023-06-02,804.6
2023-06-03,804.6
2023-06-04,804.6
2023-06-05,797.97
2023-06-06,797.74
2023-06-07,797.79
2023-06-08,793.47
2023-06-09,790.75
2023-06-10,790.75
2023-06-11,790.75
2023-06-12,787.2
2023-06-13,806.84
2023-06-14,804.38
2023-06-15,800.12
2023-06-16,796.97
2023-06-17,796.97
2023-06-18,796.97
2023-06-19,793.35
2023-06-20,795.63
2023-06-21,795.63
2023-06-22,801.9
2023-06-23,805.02
2023-06-24,805.02
2023-06-25,805.02
2023-06-26,805.02
2023-06-27,808.21
2023-06-28,800.33
2023-06-29,800.89
2023-06-30,802.68
2023-07-01,802.68
2023-07-02,802.68
2023-07-03,801.66
2023-07-04,799.29
2023-07-05,796.47
2023-07-06,797.87
2023-07-07,804.49
2023-07-08,804.49
2023-07-09,804.49
2023-07-10,806.52
2023-07-11,811.98
2023-07-12,816.78
2023-07-13,811.24
2023-07-14,808.61
2023-07-15,808.61
2023-07-16,808.61
2023-07-17,813.44
2023-07-18,820.76
2023-07-19,815.58
2023-07-20,811.43
2023-07-21,807.62
2023-07-22,807.62
2023-07-23,807.62
2023-07-24,821.95
2023-07-25,827.1
2023-07-26,828.9
2023-07-27,825.8
2023-07-28,826.01
2023-07-29,826.01
2023-07-30,826.01
2023-07-31,827.84
2023-08-01,840.69
2023-08-02,843.02
2023-08-03,847.77
2023-08-04,853.99
2023-08-05,853.99
2023-08-06,853.99
2023-08-07,848.5
2023-08-08,856.1
2023-08-09,863.22
2023-08-10,858.68
2023-08-11,851.7
2023-08-12,851.7
2023-08-13,851.7
2023-08-14,853.3
2023-08-15,853.3
2023-08-16,859.03
2023-08-17,859.87
2023-08-18,864.72
2023-08-19,864.72
2023-08-20,864.72
2023-08-21,867.95
2023-08-22,869.51
2023-08-23,866.97
2023-08-24,860.97
2023-08-25,854.77
2023-08-26,854.77
2023-08-27,854.77
2023-08-28,843.08
2023-08-29,848.86
2023-08-30,857.59
2023-08-31,854.22
2023-09-01,853.86
2023-09-02,853.86
2023-09-03,853.86
2023-09-04,850.57
2023-09-05,854.99
2023-09-06,869.67
2023-09-07,872.92
2023-09-08,879.77
2023-09-09,879.77
2023-09-10,879.77
2023-09-11,892.68
2023-09-12,890.81
2023-09-13,897.17
2023-09-14,888.34
2023-09-15,885.84
2023-09-16,885.84
2023-09-17,885.84
2023-09-18,885.84
2023-09-19,885.84
2023-09-20,887.89
2023-09-21,882.31
2023-09-22,891.73
2023-09-23,891.73
2023-09-24,891.73
2023-09-25,889.21
2023-09-26,900.14
2023-09-27,904.31
2023-09-28,904.62
2023-09-29,906.84
2023-09-30,906.84
2023-10-01,906.84
2023-10-02,895.6
2023-10-03,902.26
2023-10-04,914.3
2023-10-05,913.26
2023-10-06,917.34
2023-10-07,917.34
2023-10-08,917.34
2023-10-09,917.34
2023-10-10,919.42
2023-10-11,927.07
2023-10-12,924.81
2023-10-13,933.45
2023-10-14,933.45
2023-10-15,933.45
2023-10-16,942.04
2023-10-17,942.8
2023-10-18,945.61
2023-10-19,937.21
2023-10-20,940.46
2023-10-21,940.46
2023-10-22,940.46
2023-10-23,942.42
2023-10-24,938.26
2023-10-25,929.05
2023-10-26,922.89
2023-10-27,922.89
2023-10-28,922.89
2023-10-29,922.89
2023-10-30,928.41
2023-10-31,910.28
2023-11-01,910.28
2023-11-02,899.44
2023-11-03,889.74
2023-11-04,889.74
2023-11-05,889.74
2023-11-06,881.3
2023-11-07,879.78
2023-11-08,886.28
2023-11-09,896.0
2023-11-10,902.89
2023-11-11,902.89
2023-11-12,902.89
2023-11-13,916.58
2023-11-14,921.65
2023-11-15,907.36
2023-11-16,890.18
2023-11-17,881.17
2023-11-18,881.17
2023-11-19,881.17
2023-11-20,884.36
2023-11-21,878.99
2023-11-22,873.7
2023-11-23,874.86
2023-11-24,871.37
2023-11-25,871.37
2023-11-26,871.37
2023-11-27,873.89
2023-11-28,872.03
2023-11-29,869.47
2023-11-30,867.86
2023-12-01,869.56
2023-12-02,869.56
2023-12-03,869.56
2023-12-04,862.86
2023-12-05,862.08
2023-12-06,874.25
2023-12-07,874.42
2023-12-08,874.42
2023-12-09,874.42
2023-12-10,874.42
2023-12-11,868.01
2023-12-12,880.0
2023-12-13,880.62
2023-12-14,876.77
2023-12-15,866.37
2023-12-16,866.37
2023-12-17,866.37
2023-12-18,872.59
2023-12-19,875.48
2023-12-20,863.23
2023-12-21,868.77
2023-12-22,872.95
2023-12-23,872.95
2023-12-24,872.95
2023-12-25,872.95
2023-12-26,883.99
2023-12-27,895.77
2023-12-28,886.34
2023-12-29,884.59
2023-12-30,884.59
2023-12-31,884.59
2024-01-01,884.59
2024-01-02,877.12
2024-01-03,880.92
2024-01-04,884.39
2024-01-05,884.45
2024-01-06,884.45
2024-01-07,884.45
2024-01-08,893.07
2024-01-09,901.31
2024-01-10,914.71
2024-01-11,919.07
2024-01-12,911.37
2024-01-13,911.37
2024-01-14,911.37
2024-01-15,908.67
2024-01-16,912.02
2024-01-17,922.06
2024-01-18,926.77
2024-01-19,918.62
2024-01-20,918.62
2024-01-21,918.62
2024-01-22,910.73
2024-01-23,905.63
2024-01-24,908.87
2024-01-25,908.51
2024-01-26,910.97
2024-01-27,910.97
2024-01-28,910.97
2024-01-29,916.16
2024-01-30,927.63
2024-01-31,932.66
2024-02-01,932.26
2024-02-02,936.01
2024-02-03,936.01
2024-02-04,936.01
2024-02-05,943.84
2024-02-06,955.73
2024-02-07,949.81
2024-02-08,947.9
2024-02-09,957.86
2024-02-10,957.86
2024-02-11,957.86
2024-02-12,968.73
2024-02-13,972.22
2024-02-14,971.56
2024-02-15,959.86
2024-02-16,961.94
2024-02-17,961.94
2024-02-18,961.94
2024-02-19,969.04
2024-02-20,966.23
2024-02-21,963.68
2024-02-22,967.52
2024-02-23,972.77
2024-02-24,972.77
2024-02-25,972.77
2024-02-26,983.76
2024-02-27,986.85
2024-02-28,984.53
2024-02-29,980.19
2024-03-01,969.91
2024-03-02,969.91
2024-03-03,969.91
2024-03-04,966.41
2024-03-05,971.92
2024-03-06,976.36
2024-03-07,981.26
2024-03-08,983.8
2024-03-09,983.8
2024-03-10,983.8
2024-03-11,964.95
2024-03-12,966.29
2024-03-13,965.18
2024-03-14,948.88
2024-03-15,945.56
2024-03-16,945.56
2024-03-17,945.56
2024-03-18,941.42
2024-03-19,945.11
2024-03-20,962.06
2024-03-21,975.91
2024-03-22,971.54
2024-03-23,971.54
2024-03-24,971.54
2024-03-25,980.24
2024-03-26,977.76
2024-03-27,981.71
2024-03-28,982.38
2024-03-29,982.38
2024-03-30,982.38
2024-03-31,982.38
2024-04-01,981.71
2024-04-02,982.59
2024-04-03,979.96
2024-04-04,962.83
2024-04-05,942.72
2024-04-06,942.72
2024-04-07,942.72
2024-04-08,948.92
2024-04-09,946.71
2024-04-10,940.61
2024-04-11,953.51
2024-04-12,957.03
2024-04-13,957.03
2024-04-14,957.03
2024-04-15,964.59
2024-04-16,978.07
2024-04-17,985.05
2024-04-18,974.97
2024-04-19,968.44
2024-04-20,968.44
2024-04-21,968.44
2024-04-22,956.32
2024-04-23,953.75
2024-04-24,950.77
2024-04-25,954.58
2024-04-26,948.61
2024-04-27,948.61
2024-04-28,948.61
2024-04-29,947.68
2024-04-30,943.62
2024-05-01,943.62
2024-05-02,954.25
2024-05-03,954.36
2024-05-04,954.36
2024-05-05,954.36
2024-05-06,938.29
2024-05-07,930.17
2024-05-08,934.29
2024-05-09,936.76
2024-05-10,930.99
2024-05-11,930.99
2024-05-12,930.99
2024-05-13,922.0
2024-05-14,922.1
2024-05-15,916.87
2024-05-16,909.06
2024-05-17,901.53
2024-05-18,901.53
2024-05-19,901.53
2024-05-20,897.11
2024-05-21,897.11
2024-05-22,886.79
2024-05-23,904.67
2024-05-24,908.95
2024-05-25,908.95
2024-05-26,908.95
2024-05-27,903.17
2024-05-28,900.28
2024-05-29,898.13
2024-05-30,907.67
2024-05-31,917.98
2024-06-01,917.98
2024-06-02,917.98
2024-06-03,916.77
2024-06-04,907.94
2024-06-05,905.37
2024-06-06,906.25
2024-06-07,910.45
2024-06-08,910.45
2024-06-09,910.45
2024-06-10,916.84
2024-06-11,923.24
2024-06-12,924.18
2024-06-13,914.86
2024-06-14,919.49
2024-06-15,919.49
2024-06-16,919.49
2024-06-17,928.47
2024-06-18,938.68
2024-06-19,934.91
2024-06-20,934.91
2024-06-21,927.92
2024-06-22,927.92
2024-06-23,927.92
2024-06-24,937.34
2024-06-25,941.72
2024-06-26,942.31
2024-06-27,947.78
2024-06-28,951.02
2024-06-29,951.02
2024-06-30,951.02
2024-07-01,944.34
2024-07-02,943.89
2024-07-03,946.99
2024-07-04,939.57
2024-07-05,936.55
2024-07-06,936.55
2024-07-07,936.55
2024-07-08,933.51
2024-07-09,939.17
2024-07-10,932.31
2024-07-11,918.86
2024-07-12,908.92
2024-07-13,908.92
2024-07-14,908.92
2024-07-15,910.14
2024-07-16,910.14
2024-07-17,910.79
2024-07-18,921.91
2024-07-19,940.15
2024-07-20,940.15
2024-07-21,940.15
2024-07-22,943.77
2024-07-23,949.1
2024-07-24,946.69
2024-07-25,948.79
2024-07-26,947.39
2024-07-27,947.39
2024-07-28,947.39
2024-07-29,950.29
2024-07-30,956.63
2024-07-31,956.58
2024-08-01,943.78
2024-08-02,938.94
2024-08-03,938.94
2024-08-04,938.94
2024-08-05,951.11
2024-08-06,957.57
2024-08-07,947.18
2024-08-08,943.96
2024-08-09,937.18
2024-08-10,937.18
2024-08-11,937.18
2024-08-12,932.62
2024-08-13,931.96
2024-08-14,932.28
2024-08-15,932.28
2024-08-16,931.39
2024-08-17,931.39
2024-08-18,931.39
2024-08-19,933.84
2024-08-20,929.36
2024-08-21,922.58
2024-08-22,918.97
2024-08-23,919.94
2024-08-24,919.94
2024-08-25,919.94
2024-08-26,911.01
2024-08-27,907.35
2024-08-28,907.32
2024-08-29,912.08
2024-08-30,917.38
2024-08-31,917.38
2024-09-01,917.38
2024-09-02,913.99
2024-09-03,915.14
2024-09-04,926.22
2024-09-05,937.86
2024-09-06,941.54
2024-09-07,941.54
2024-09-08,941.54
2024-09-09,943.18
2024-09-10,946.22
2024-09-11,948.85
2024-09-12,943.44
2024-09-13,933.57
2024-09-14,933.57
2024-09-15,933.57
2024-09-16,925.61
2024-09-17,923.37
2024-09-18,923.37
2024-09-19,923.37
2024-09-20,923.37
2024-09-21,923.37
2024-09-22,923.37
2024-09-23,927.15
2024-09-24,924.81
2024-09-25,911.51
2024-09-26,912.24
2024-09-27,900.91
2024-09-28,900.91
2024-09-29,900.91
2024-09-30,896.25
2024-10-01,897.68
2024-10-02,901.13
2024-10-03,908.23
2024-10-04,919.49
2024-10-05,919.49
2024-10-06,919.49
2024-10-07,923.74
2024-10-08,925.86
2024-10-09,933.62
2024-10-10,934.84
2024-10-11,931.26
2024-10-12,931.26
2024-10-13,931.26
2024-10-14,926.07
2024-10-15,928.37
2024-10-16,937.29
2024-10-17,941.3
2024-10-18,945.01
2024-10-19,945.01
2024-10-20,945.01
2024-10-21,946.99
2024-10-22,954.39
2024-10-23,949.0
2024-10-24,948.2
2024-10-25,945.29
2024-10-26,945.29
2024-10-27,945.29
2024-10-28,949.34
2024-10-29,945.88
2024-10-30,950.89
2024-10-31,950.89
2024-11-01,950.89
2024-11-02,950.89
2024-11-03,950.89
2024-11-04,961.29
2024-11-05,956.54
2024-11-06,954.9
2024-11-07,968.6
2024-11-08,950.99
2024-11-09,950.99
2024-11-10,950.99
2024-11-11,963.09
2024-11-12,980.47
2024-11-13,983.76
2024-11-14,981.61
2024-11-15,975.44
2024-11-16,975.44
2024-11-17,975.44
2024-11-18,974.51
2024-11-19,976.86
2024-11-20,973.21
2024-11-21,972.68
2024-11-22,971.29
2024-11-23,971.29
2024-11-24,971.29
2024-11-25,982.08
2024-11-26,976.89
2024-11-27,975.06
2024-11-28,975.41
2024-11-29,977.32
2024-11-30,977.32
2024-12-01,977.32
2024-12-02,977.66
2024-12-03,979.1
2024-12-04,972.75
2024-12-05,974.37
2024-12-06,971.65
2024-12-07,971.65
2024-12-08,971.65
2024-12-09,971.62
2024-12-10,969.92
2024-12-11,972.43
2024-12-12,975.81
2024-12-13,975.67
2024-12-14,975.67
2024-12-15,975.67
2024-12-16,983.25
2024-12-17,989.93
2024-12-18,990.87
2024-12-19,988.44
2024-12-20,996.35
2024-12-21,996.35
2024-12-22,996.35
2024-12-23,991.18
2024-12-24,992.78
2024-12-25,992.78
2024-12-26,989.07
2024-12-27,990.95
2024-12-28,990.95
2024-12-29,990.95
2024-12-30,992.12
2024-12-31,992.12
2025-01-01,992.12
2025-01-02,996.46
2025-01-03,999.84
2025-01-04,999.84
2025-01-05,999.84
2025-01-06,1011.82
2025-01-07,1010.98
2025-01-08,1005.85
2025-01-09,1007.51
2025-01-10,1003.92
2025-01-11,1003.92
2025-01-12,1003.92
2025-01-13,1009.2
2025-01-14,1012.76
2025-01-15,1004.67
2025-01-16,1001.93
2025-01-17,1010.68
2025-01-18,1010.68
2025-01-19,1010.68
2025-01-20,1012.36
2025-01-21,1001.93
2025-01-22,1002.14
2025-01-23,995.22
2025-01-24,989.83
2025-01-25,989.83
2025-01-26,989.83
2025-01-27,982.95
2025-01-28,985.64
2025-01-29,992.07
2025-01-30,990.94
2025-01-31,988.1
2025-02-01,988.1
2025-02-02,988.1
2025-02-03,984.22
2025-02-04,987.12
2025-02-05,977.58
2025-02-06,969.47
2025-02-07,967.59
2025-02-08,967.59
2025-02-09,967.59
2025-02-10,960.6
2025-02-11,960.81
2025-02-12,961.89
2025-02-13,956.63
2025-02-14,949.52
2025-02-15,949.52
2025-02-16,949.52
2025-02-17,939.54
2025-02-18,947.13
2025-02-19,950.43
2025-02-20,951.78
2025-02-21,944.65
2025-02-22,944.65
2025-02-23,944.65
2025-02-24,942.52
2025-02-25,946.96
2025-02-26,940.99
2025-02-27,941.76
2025-02-28,951.21
2025-03-01,951.21
2025-03-02,951.21
2025-03-03,954.22
2025-03-04,953.11
2025-03-05,948.87
2025-03-06,936.7
2025-03-07,926.52
2025-03-08,926.52
2025-03-09,926.52
2025-03-10,928.25
2025-03-11,931.13
2025-03-12,937.45
2025-03-13,932.28
2025-03-14,940.2
2025-03-15,940.2
2025-03-16,940.2
2025-03-17,932.36
2025-03-18,923.32
2025-03-19,917.97
2025-03-20,917.76
2025-03-21,926.15
2025-03-22,926.15
2025-03-23,926.15
2025-03-24,932.14
2025-03-25,926.41
2025-03-26,919.92
2025-03-27,920.98
2025-03-28,931.75
2025-03-29,931.75
2025-03-30,931.75
2025-03-31,946.1
2025-04-01,953.07
2025-04-02,946.28
2025-04-03,949.83
2025-04-04,946.59
2025-04-05,946.59
2025-04-06,946.59
2025-04-07,975.82
2025-04-08,990.68
2025-04-09,993.89
2025-04-10,1000.01
2025-04-11,988.97
2025-04-12,988.97
2025-04-13,988.97
2025-04-14,978.09
2025-04-15,966.07
2025-04-16,967.15
2025-04-17,969.23
2025-04-18,969.23
2025-04-19,969.23
2025-04-20,969.23
2025-04-21,968.71
2025-04-22,961.14
2025-04-23,950.04
2025-04-24,938.02
2025-04-25,937.81
2025-04-26,937.81
2025-04-27,937.81
2025-04-28,936.74
2025-04-29,937.54
2025-04-30,945.42
2025-05-01,945.42
2025-05-02,955.67
2025-05-03,955.67
2025-05-04,955.67
2025-05-05,940.95
2025-05-06,940.18
2025-05-07,939.67
2025-05-08,945.44
2025-05-09,941.22
2025-05-10,941.22
2025-05-11,941.22
2025-05-12,933.26
2025-05-13,941.2
2025-05-14,940.18
2025-05-15,939.43
2025-05-16,940.25
2025-05-17,940.25
2025-05-18,940.25
2025-05-19,944.46
2025-05-20,936.69
2025-05-21,936.69
2025-05-22,942.21
2025-05-23,944.84
2025-05-24,944.84
2025-05-25,944.84
2025-05-26,940.81
2025-05-27,938.28
2025-05-28,937.93
2025-05-29,940.21
2025-05-30,937.37
2025-05-31,937.37
2025-06-01,937.37
2025-06-02,941.97
2025-06-03,939.65
2025-06-04,941.53
2025-06-05,936.89
2025-06-06,930.79
2025-06-07,930.79
2025-06-08,930.79
2025-06-09,933.91
2025-06-10,937.09
2025-06-11,938.88
2025-06-12,936.36
2025-06-13,930.25
2025-06-14,930.25
2025-06-15,930.25
2025-06-16,937.78
2025-06-17,935.21
2025-06-18,939.29
2025-06-19,943.36
2025-06-20,943.36
2025-06-21,943.36
2025-06-22,943.36
2025-06-23,947.03
2025-06-24,950.16
2025-06-25,937.89
2025-06-26,936.29
2025-06-27,930.67
2025-06-28,930.67
2025-06-29,930.67
2025-06-30,935.74
2025-07-01,933.42
2025-07-02,926.62
2025-07-03,926.51
2025-07-04,927.87
2025-07-05,927.87
2025-07-06,927.87
2025-07-07,932.34
2025-07-08,940.28
2025-07-09,945.39
2025-07-10,948.33
2025-07-11,950.43
2025-07-12,950.43
2025-07-13,950.43
2025-07-14,955.73
2025-07-15,967.22
2025-07-16,967.22
2025-07-17,965.65
2025-07-18,966.78
2025-07-19,966.78
2025-07-20,966.78
2025-07-21,961.55
2025-07-22,956.65
2025-07-23,953.4
2025-07-24,948.93
2025-07-25,951.27
2025-07-26,951.27
2025-07-27,951.27
2025-07-28,957.82
2025-07-29,969.75
2025-07-30,970.09
2025-07-31,978.07
2025-08-01,976.8
2025-08-02,976.8
2025-08-03,976.8
2025-08-04,967.48
2025-08-05,964.28
2025-08-06,966.02
2025-08-07,976.42
2025-08-08,971.88
2025-08-09,971.88
2025-08-10,971.88
2025-08-11,965.64
2025-08-12,969.77
2025-08-13,962.28
2025-08-14,952.37
2025-08-15,952.37
2025-08-16,952.37
2025-08-17,952.37
2025-08-18,961.84
2025-08-19,966.24
2025-08-20,963.57
2025-08-21,965.06
2025-08-22,968.63
2025-08-23,968.63
2025-08-24,968.63
2025-08-25,964.15
2025-08-26,962.51
2025-08-27,965.01
2025-08-28,968.64
2025-08-29,967.48
2025-08-30,967.48
2025-08-31,967.48
2025-09-01,965.28
2025-09-02,968.35
2025-09-03,974.13
2025-09-04,969.46
2025-09-05,971.22
2025-09-06,971.22
2025-09-07,971.22
2025-09-08,964.58
2025-09-09,967.07
2025-09-10,966.35
2025-09-11,962.73
2025-09-12,955.47
2025-09-13,955.47
2025-09-14,955.47
2025-09-15,954.58
2025-09-16,951.14
2025-09-17,948.57
2025-09-18,948.57
2025-09-19,948.57
2025-09-20,948.57
2025-09-21,948.57
2025-09-22,951.03
2025-09-23,954.72
2025-09-24,952.87
2025-09-25,953.24
2025-09-26,956.42
2025-09-27,956.42
2025-09-28,956.42
2025-09-29,958.9
2025-09-30,961.24
2025-10-01,962.39
2025-10-02,959.19
2025-10-03,961.54
2025-10-04,961.54
2025-10-05,961.54
2025-10-06,963.17
2025-10-07,963.09
2025-10-08,961.61
2025-10-09,951.45
2025-10-10,948.77
2025-10-11,948.77
2025-10-12,948.77
2025-10-13,954.37
2025-10-14,957.66
2025-10-15,963.69
2025-10-16,959.36
2025-10-17,956.13
2025-10-18,956.13
2025-10-19,956.13
2025-10-20,960.34
2025-10-21,953.21
2025-10-22,951.78
2025-10-23,950.46
2025-10-24,945.34
2025-10-25,945.34
2025-10-26,945.34
2025-10-27,943.47
2025-10-28,938.19
2025-10-29,941.63
2025-10-30,940.57
2025-10-31,940.57
2025-11-01,940.57
2025-11-02,940.57
2025-11-03,943.69
2025-11-04,940.53
2025-11-05,945.13
2025-11-06,945.6
2025-11-07,940.84
2025-11-08,940.84
2025-11-09,940.84
2025-11-10,946.24
2025-11-11,940.85
